accessionNo,cik,companyNameLong,ticker,description,formType,type,filingUrl,filedAt,downloadFilename
0000945094-02-000522,716791,NORTHBROOK LIFE INSURANCE CO (CIK 0000716791),,AGREEMENTS,10-Q,EX-10,https://www.sec.gov/Archives/edgar/data/716791/000094509402000522/nlicqexh10.txt,2002-08-14,2002-716791-0000945094-02-000522-nlicqexh10.txt
0001047469-02-008289,814181,PENN TREATY AMERICAN CORP (CIK 0000814181),,EXHIBIT 10.1,10-Q/A,EX-10.1,https://www.sec.gov/Archives/edgar/data/814181/000104746902008289/a2096762zex-10_1.txt,2002-12-24,2002-814181-0001047469-02-008289-a2096762zex-10_1.txt
0001133884-02-001133,1064063,MIIX GROUP INC (CIK 0001064063),,EX-10.72,10-Q,EX-10.72,https://www.sec.gov/Archives/edgar/data/1064063/000113388402001133/gex10_72-30078.txt,2002-11-14,2002-1064063-0001133884-02-001133-gex10_72-30078.txt
0001133884-02-001133,1064063,MIIX GROUP INC (CIK 0001064063),,EX-10.73,10-Q,EX-10.73,https://www.sec.gov/Archives/edgar/data/1064063/000113388402001133/gex10_73-30078.txt,2002-11-14,2002-1064063-0001133884-02-001133-gex10_73-30078.txt
0000950137-02-006302,1044566,CNA SURETY CORP (CIK 0001044566),,FORM OF SURETY EXCESS OF LOSS REINSURANCE CONTRACT,10-Q,EX-10.6,https://www.sec.gov/Archives/edgar/data/1044566/000095013702006302/c73016exv10w6.txt,2002-11-14,2002-1044566-0000950137-02-006302-c73016exv10w6.txt
0000914039-02-000243,777199,SAGE LIFE ASSURANCE OF AMERICA INC (CIK 0000777199),,EXHIBIT 10.2,10-Q,EX-10.2,https://www.sec.gov/Archives/edgar/data/777199/000091403902000243/y60767ex10-2.txt,2002-05-15,2002-777199-0000914039-02-000243-y60767ex10-2.txt
0000950137-02-006302,1044566,CNA SURETY CORP (CIK 0001044566),,FORM OF SURETY QUOTA SHARE TREATY,10-Q,EX-10.2,https://www.sec.gov/Archives/edgar/data/1044566/000095013702006302/c73016exv10w2.txt,2002-11-14,2002-1044566-0000950137-02-006302-c73016exv10w2.txt
0000950137-02-006302,1044566,CNA SURETY CORP (CIK 0001044566),,FORM OF 10 PERCENT QUOTA SHARE TREATY,10-Q,EX-10.1,https://www.sec.gov/Archives/edgar/data/1044566/000095013702006302/c73016exv10w1.txt,2002-11-14,2002-1044566-0000950137-02-006302-c73016exv10w1.txt
0000950131-02-002013,1065201,AMERINST INSURANCE GROUP LTD (CIK 0001065201),,VALUE PLAN REINSURANCE TREATY,10-Q,EX-10.16,https://www.sec.gov/Archives/edgar/data/1065201/000095013102002013/dex1016.txt,2002-05-15,2002-1065201-0000950131-02-002013-dex1016.txt
0000950131-02-002013,1065201,AMERINST INSURANCE GROUP LTD (CIK 0001065201),,REINSURANCE TREATY,10-Q,EX-10.15,https://www.sec.gov/Archives/edgar/data/1065201/000095013102002013/dex1015.txt,2002-05-15,2002-1065201-0000950131-02-002013-dex1015.txt
0001015402-02-003440,100331,21ST CENTURY INSURANCE GROUP (CIK 0000100331),,,10-Q,EX-10.(P),https://www.sec.gov/Archives/edgar/data/100331/000101540202003440/doc3.txt,2002-10-25,2002-100331-0001015402-02-003440-doc3.txt
0000950137-02-006302,1044566,CNA SURETY CORP (CIK 0001044566),,FORM OF SERVICES AND INDEMNITY AGREEMENT,10-Q,EX-10.5,https://www.sec.gov/Archives/edgar/data/1044566/000095013702006302/c73016exv10w5.txt,2002-11-14,2002-1044566-0000950137-02-006302-c73016exv10w5.txt
0000944695-02-000019,944695,ALLMERICA FINANCIAL CORP (THG) (CIK 0000944695),THG,STOP/LOSS REINSURANCE AGREEMENT,10-Q,EX-10,https://www.sec.gov/Archives/edgar/data/944695/000094469502000019/stop-loss.txt,2002-08-14,2002-944695-0000944695-02-000019-stop-loss.txt
0001015402-02-000718,100331,21ST CENTURY INSURANCE GROUP (CIK 0000100331),,,10-K,EX-10.(K),https://www.sec.gov/Archives/edgar/data/100331/000101540202000718/doc14.txt,2002-03-04,2002-100331-0001015402-02-000718-doc14.txt
0000945094-02-000519,839759,ALLSTATE LIFE INSURANCE CO OF NEW YORK (CIK 0000839759),,AGREEMENTS,10-Q,EX-10,https://www.sec.gov/Archives/edgar/data/839759/000094509402000519/alnyqexh10.txt,2002-08-14,2002-839759-0000945094-02-000519-alnyqexh10.txt
0000950159-02-000183,910110,PENN AMERICA GROUP INC (CIK 0000910110),,EXHIBIT 10.14.IV,10-K,EX-10,https://www.sec.gov/Archives/edgar/data/910110/000095015902000183/paex1014-iv.txt,2002-03-28,2002-910110-0000950159-02-000183-paex1014-iv.txt
0001015402-02-000718,100331,21ST CENTURY INSURANCE GROUP (CIK 0000100331),,,10-K,EX-10.(M),https://www.sec.gov/Archives/edgar/data/100331/000101540202000718/doc16.txt,2002-03-04,2002-100331-0001015402-02-000718-doc16.txt
0001015402-02-000718,100331,21ST CENTURY INSURANCE GROUP (CIK 0000100331),,,10-K,EX-10.(L),https://www.sec.gov/Archives/edgar/data/100331/000101540202000718/doc15.txt,2002-03-04,2002-100331-0001015402-02-000718-doc15.txt
0000950137-02-004308,1051717,AMERUS GROUP CO/IA (CIK 0001051717),,AMENDMENT NO. 1 TO JOINT VENTURE AGREEMENT,10-Q,EX-10.37,https://www.sec.gov/Archives/edgar/data/1051717/000095013702004308/c70986exv10w37.txt,2002-08-12,2002-1051717-0000950137-02-004308-c70986exv10w37.txt
0000950159-02-000183,910110,PENN AMERICA GROUP INC (CIK 0000910110),,EXHIBIT 10.19,10-K,EX-10,https://www.sec.gov/Archives/edgar/data/910110/000095015902000183/paex10-19.txt,2002-03-28,2002-910110-0000950159-02-000183-paex10-19.txt
0000947354-02-000002,947354,GE GLOBAL INSURANCE HOLDING CORP (CIK 0000947354),,EXHIBIT 10.1,10-K,EX-10,https://www.sec.gov/Archives/edgar/data/947354/000094735402000002/exh_101.txt,2002-03-08,2002-947354-0000947354-02-000002-exh_101.txt
0000947354-02-000002,947354,GE GLOBAL INSURANCE HOLDING CORP (CIK 0000947354),,EXHIBIT 10.3,10-K,EX-10,https://www.sec.gov/Archives/edgar/data/947354/000094735402000002/exh_103.txt,2002-03-08,2002-947354-0000947354-02-000002-exh_103.txt
0000950109-02-004266,1069822,MONY GROUP INC (CIK 0001069822),,"INDENTURE - MONY HOLDINGS, LLC",10-Q,EX-10.4,https://www.sec.gov/Archives/edgar/data/1069822/000095010902004266/dex104.htm,2002-08-14,2002-1069822-0000950109-02-004266-dex104.htm
0000945094-02-000521,910739,LINCOLN BENEFIT LIFE CO (CIK 0000910739),,AGREEMENTS,10-Q,EX-10,https://www.sec.gov/Archives/edgar/data/910739/000094509402000521/lblqexh10.txt,2002-08-14,2002-910739-0000945094-02-000521-lblqexh10.txt
0000950131-02-004443,850141,HORACE MANN EDUCATORS CORP /DE/ (HMN) (CIK 0000850141),HMN,OPTION AND REINSURANCE AGREEMENT,10-Q,EX-10.1,https://www.sec.gov/Archives/edgar/data/850141/000095013102004443/dex101.txt,2002-11-14,2002-850141-0000950131-02-004443-dex101.txt
0001130319-02-000153,1137048,ODYSSEY RE HOLDINGS CORP (CIK 0001137048),,EXHIBIT 10.36 AMENDED AND RESTATED CREDIT AGREEMEN,10-K,EX-10.36,https://www.sec.gov/Archives/edgar/data/1137048/000113031902000153/t06515ex10-36.txt,2002-03-06,2002-1137048-0001130319-02-000153-t06515ex10-36.txt
0000893220-02-000393,890926,RADIAN GROUP INC (RDN) (CIK 0000890926),RDN,CREDIT AGREEMENT DATED FEBRUARY 27 2001,10-K,EX-10.29,https://www.sec.gov/Archives/edgar/data/890926/000089322002000393/w56746ex10-29.txt,2002-04-01,2002-890926-0000893220-02-000393-w56746ex10-29.txt
0000947354-02-000002,947354,GE GLOBAL INSURANCE HOLDING CORP (CIK 0000947354),,EXHIBIT 10.2,10-K,EX-10,https://www.sec.gov/Archives/edgar/data/947354/000094735402000002/exh_102.txt,2002-03-08,2002-947354-0000947354-02-000002-exh_102.txt
0000947354-02-000002,947354,GE GLOBAL INSURANCE HOLDING CORP (CIK 0000947354),,EXHIBIT 10.4,10-K,EX-10,https://www.sec.gov/Archives/edgar/data/947354/000094735402000002/exh_104.txt,2002-03-08,2002-947354-0000947354-02-000002-exh_104.txt
0000893220-02-000393,890926,RADIAN GROUP INC (RDN) (CIK 0000890926),RDN,"CREDIT AGREEMENT DATED NOVEMBER 7, 2001",10-K,EX-10.30,https://www.sec.gov/Archives/edgar/data/890926/000089322002000393/w56746ex10-30.txt,2002-04-01,2002-890926-0000893220-02-000393-w56746ex10-30.txt
0000950152-02-002582,874977,STATE AUTO FINANCIAL CORP (CIK 0000874977),,EXHIBIT 10 JJ,10-K,EX-10.JJ,https://www.sec.gov/Archives/edgar/data/874977/000095015202002582/l92931aex10-jj.txt,2002-03-29,2002-874977-0000950152-02-002582-l92931aex10-jj.txt
0000950131-02-001992,850141,HORACE MANN EDUCATORS CORP /DE/ (HMN) (CIK 0000850141),HMN,OPTION AND REINSURANCE AGREEMENT,10-Q,EX-10.4,https://www.sec.gov/Archives/edgar/data/850141/000095013102001992/dex104.txt,2002-05-15,2002-850141-0000950131-02-001992-dex104.txt
0000950129-02-004239,48732,RELIANT ENERGY INC (CIK 0000048732),,"1ST AMEND. TO $2,500,000,000 CREDIT AGMT.",10-Q,EX-10.1,https://www.sec.gov/Archives/edgar/data/48732/000095012902004239/h98350exv10w1.txt,2002-08-14,2002-48732-0000950129-02-004239-h98350exv10w1.txt
0001125282-02-000997,1091748,"PXRE GROUP LTD (ARGD, ARGO-PA) (CIK 0001091748)",ARGD,MATERIAL CONTRACTS,10-K,EX-10.33,https://www.sec.gov/Archives/edgar/data/1091748/000112528202000997/b317102ex10-33.txt,2002-03-27,2002-1091748-0001125282-02-000997-b317102ex10-33.txt
0000893220-02-000393,890926,RADIAN GROUP INC (RDN) (CIK 0000890926),RDN,CREDIT AGREEMENT DATED FEBRUARY 8 2002,10-K,EX-10.28,https://www.sec.gov/Archives/edgar/data/890926/000089322002000393/w56746ex10-28.txt,2002-04-01,2002-890926-0000893220-02-000393-w56746ex10-28.txt
0001125282-02-000997,1091748,"PXRE GROUP LTD (ARGD, ARGO-PA) (CIK 0001091748)",ARGD,MATERIAL CONTRACTS,10-K,EX-10.35,https://www.sec.gov/Archives/edgar/data/1091748/000112528202000997/b317102ex10-35.txt,2002-03-27,2002-1091748-0001125282-02-000997-b317102ex10-35.txt
0000950128-02-000748,922621,ERIE INDEMNITY CO (ERIE) (CIK 0000922621),ERIE,AGGREGATE EXCESS OF LOSS INSURANCE,10-Q,EX-10.4,https://www.sec.gov/Archives/edgar/data/922621/000095012802000748/j9708001exv10w4.txt,2002-11-06,2002-922621-0000950128-02-000748-j9708001exv10w4.txt
0000912057-02-031196,109261,ZENITH NATIONAL INSURANCE CORP (CIK 0000109261),,EXHIBIT 10.10,10-Q,EX-10.10,https://www.sec.gov/Archives/edgar/data/109261/000091205702031196/a2081542zex-10_10.htm,2002-08-12,2002-109261-0000912057-02-031196-a2081542zex-10_10.htm
0000914039-02-000233,919482,TRAVELERS PROPERTY CASUALTY CORP (CIK 0000919482),,EXHIBIT 10.2,10-Q,EX-10.2,https://www.sec.gov/Archives/edgar/data/919482/000091403902000233/y60225ex10-2.txt,2002-05-15,2002-919482-0000914039-02-000233-y60225ex10-2.txt
0000944695-02-000019,944695,ALLMERICA FINANCIAL CORP (THG) (CIK 0000944695),THG,AMENDED AND RESTATED PUT OPTION AGREEMENT,10-Q,EX-10,https://www.sec.gov/Archives/edgar/data/944695/000094469502000019/put-agrmt.txt,2002-08-14,2002-944695-0000944695-02-000019-put-agrmt.txt
0000912057-02-031196,109261,ZENITH NATIONAL INSURANCE CORP (CIK 0000109261),,EXHIBIT 10.11,10-Q,EX-10.11,https://www.sec.gov/Archives/edgar/data/109261/000091205702031196/a2081542zex-10_11.htm,2002-08-12,2002-109261-0000912057-02-031196-a2081542zex-10_11.htm
0000897069-02-000580,1010247,FPIC INSURANCE GROUP INC (CIK 0001010247),,EXHIBIT 10(LL) - REINSURANCE AGREEMENT,10-Q,EX-10,https://www.sec.gov/Archives/edgar/data/1010247/000089706902000580/dkm114d.txt,2002-08-13,2002-1010247-0000897069-02-000580-dkm114d.txt
0000945094-02-000520,945094,GLENBROOK LIFE & ANNUITY CO (CIK 0000945094),,AGREEMENTS,10-Q,EX-10,https://www.sec.gov/Archives/edgar/data/945094/000094509402000520/glacqexh10.txt,2002-08-14,2002-945094-0000945094-02-000520-glacqexh10.txt
0000950152-02-008196,803027,MERCHANTS GROUP INC (CIK 0000803027),,PROPERTY CATASTROPHE EXCESS AGREEMENT,10-Q,EX-10.G,https://www.sec.gov/Archives/edgar/data/803027/000095015202008196/l96709aexv10wg.txt,2002-11-08,2002-803027-0000950152-02-008196-l96709aexv10wg.txt
0000073952-02-000038,73952,OHIO CASUALTY CORP (CIK 0000073952),,EXH 10 CREDIT AGREEMENT - FORM 10-Q 06-30-02,10-Q,EX-10,https://www.sec.gov/Archives/edgar/data/73952/000007395202000038/exh10.txt,2002-08-14,2002-73952-0000073952-02-000038-exh10.txt
0001015402-02-000718,100331,21ST CENTURY INSURANCE GROUP (CIK 0000100331),,,10-K,EX-10.(E),https://www.sec.gov/Archives/edgar/data/100331/000101540202000718/doc8.txt,2002-03-04,2002-100331-0001015402-02-000718-doc8.txt
0000902561-02-000372,896159,ACE LTD (CB) (CIK 0000896159),CB,,10-Q,EX-10.2,https://www.sec.gov/Archives/edgar/data/896159/000090256102000372/ex-102.txt,2002-08-14,2002-896159-0000902561-02-000372-ex-102.txt
0000912057-02-031196,109261,ZENITH NATIONAL INSURANCE CORP (CIK 0000109261),,EXHIBIT 10.21,10-Q,EX-10.21,https://www.sec.gov/Archives/edgar/data/109261/000091205702031196/a2081542zex-10_21.htm,2002-08-12,2002-109261-0000912057-02-031196-a2081542zex-10_21.htm
0000950136-02-001459,913144,"RENAISSANCERE HOLDINGS LTD (RNR, RNR-PF, RNR-PG) (CIK 0000913144)",RNR,CREDIT AGREEMENT,10-Q,EX-10.1,https://www.sec.gov/Archives/edgar/data/913144/000095013602001459/file002.txt,2002-05-15,2002-913144-0000950136-02-001459-file002.txt
0001125282-02-000997,1091748,"PXRE GROUP LTD (ARGD, ARGO-PA) (CIK 0001091748)",ARGD,MATERIAL CONTRACTS,10-K,EX-10.32,https://www.sec.gov/Archives/edgar/data/1091748/000112528202000997/b317102ex10-32.txt,2002-03-27,2002-1091748-0001125282-02-000997-b317102ex10-32.txt
0000950137-02-001570,894353,MIDWEST MEDICAL INSURANCE HOLDING CO (CIK 0000894353),,HEALTHCARE LIABILITY EXCESS OF LOSS,10-K,EX-10.(D),https://www.sec.gov/Archives/edgar/data/894353/000095013702001570/c68269ex10-d.txt,2002-03-26,2002-894353-0000950137-02-001570-c68269ex10-d.txt
0001045829-02-000026,1045829,VANGUARD HEALTH SYSTEMS INC (CIK 0001045829),,,10-K,EX-10,https://www.sec.gov/Archives/edgar/data/1045829/000104582902000026/exhibit10-19.htm,2002-09-19,2002-1045829-0001045829-02-000026-exhibit10-19.htm
0000912057-02-012612,929031,PAULA FINANCIAL (CIK 0000929031),,EXHIBIT 10.50,10-K,EX-10.50,https://www.sec.gov/Archives/edgar/data/929031/000091205702012612/a2074801zex-10_50.htm,2002-03-29,2002-929031-0000912057-02-012612-a2074801zex-10_50.htm
0001015402-02-000718,100331,21ST CENTURY INSURANCE GROUP (CIK 0000100331),,,10-K,EX-10.(N),https://www.sec.gov/Archives/edgar/data/100331/000101540202000718/doc17.txt,2002-03-04,2002-100331-0001015402-02-000718-doc17.txt
0000950128-02-000748,922621,ERIE INDEMNITY CO (ERIE) (CIK 0000922621),ERIE,REINSURANCE POOLING AGREEMENT,10-Q,EX-10.3,https://www.sec.gov/Archives/edgar/data/922621/000095012802000748/j9708001exv10w3.txt,2002-11-06,2002-922621-0000950128-02-000748-j9708001exv10w3.txt
0001133884-02-000357,1013698,SYMONS INTERNATIONAL GROUP INC (CIK 0001013698),,REINSURANCE AGREEMENT,10-K,EX-10.13(12),https://www.sec.gov/Archives/edgar/data/1013698/000113388402000357/gex10_1312-27854.txt,2002-04-01,2002-1013698-0001133884-02-000357-gex10_1312-27854.txt
0001133884-02-000357,1013698,SYMONS INTERNATIONAL GROUP INC (CIK 0001013698),,REINSURANCE AGREEMENT,10-K,EX-10.13(11),https://www.sec.gov/Archives/edgar/data/1013698/000113388402000357/gex10_1311-27854.txt,2002-04-01,2002-1013698-0001133884-02-000357-gex10_1311-27854.txt
0001125282-02-003342,1091748,"PXRE GROUP LTD (ARGD, ARGO-PA) (CIK 0001091748)",ARGD,GUARANTEE OF PXRE GROUP LTD,10-Q,EX-10.3A,https://www.sec.gov/Archives/edgar/data/1091748/000112528202003342/b321019ex_10-3a.txt,2002-11-12,2002-1091748-0001125282-02-003342-b321019ex_10-3a.txt
0000902561-02-000372,896159,ACE LTD (CB) (CIK 0000896159),CB,,10-Q,EX-10.3,https://www.sec.gov/Archives/edgar/data/896159/000090256102000372/ex-103.txt,2002-08-14,2002-896159-0000902561-02-000372-ex-103.txt
0000950134-02-010132,786344,GAINSCO INC (CIK 0000786344),,ACQUISITION AGREEMENT,10-Q,EX-10.26,https://www.sec.gov/Archives/edgar/data/786344/000095013402010132/d98792exv10w26.txt,2002-08-14,2002-786344-0000950134-02-010132-d98792exv10w26.txt
0000912057-02-012977,1039828,"AMERICAN EQUITY INVESTMENT LIFE HOLDING CO (ANG-PA, ANG-PB) (CIK 0001039828)",ANG.PB,EXHIBIT 10.10,10-K,EX-10.10,https://www.sec.gov/Archives/edgar/data/1039828/000091205702012977/a2074880zex-10_10.txt,2002-04-01,2002-1039828-0000912057-02-012977-a2074880zex-10_10.txt
0000950159-02-000164,1041665,PMA CAPITAL CORP (CIK 0001041665),,EXHIBIT 10.30,10-K,EX-10,https://www.sec.gov/Archives/edgar/data/1041665/000095015902000164/exhibit10-30.htm,2002-03-19,2002-1041665-0000950159-02-000164-exhibit10-30.htm
0001133884-02-000357,1013698,SYMONS INTERNATIONAL GROUP INC (CIK 0001013698),,ADDENDUM TO CONSULTING AGREEMENT,10-K,EX-10.25,https://www.sec.gov/Archives/edgar/data/1013698/000113388402000357/gex10_25-27854.txt,2002-04-01,2002-1013698-0001133884-02-000357-gex10_25-27854.txt
0001133884-02-000357,1013698,SYMONS INTERNATIONAL GROUP INC (CIK 0001013698),,AMENDMENT TO EMPLOYMENT AGREEMENT,10-K,EX-10.23,https://www.sec.gov/Archives/edgar/data/1013698/000113388402000357/gex10_23-27854.txt,2002-04-01,2002-1013698-0001133884-02-000357-gex10_23-27854.txt
0000931763-02-000748,320335,"TORCHMARK CORP (GL, GL-PD) (CIK 0000320335)",GL,FIVE YEAR CREDIT AGREEMENT,10-K,EX-10.Q,https://www.sec.gov/Archives/edgar/data/320335/000093176302000748/dex10q.txt,2002-03-22,2002-320335-0000931763-02-000748-dex10q.txt
0000932111-02-000029,932111,MICREL INC (CIK 0000932111),,EXHIBIT 10.1 TO FORM 10-Q PERIOD ENDED 9-30-02,10-Q,EX-10,https://www.sec.gov/Archives/edgar/data/932111/000093211102000029/ex10-1_093002.txt,2002-11-14,2002-932111-0000932111-02-000029-ex10-1_093002.txt
0000950134-02-010061,898174,"REINSURANCE GROUP OF AMERICA INC (RGA, RZB, RZC) (CIK 0000898174)",RGA,AMENDMENT NO. 1 AND WAIVER TO CREDIT AGREEMENT,10-Q,EX-10.21,https://www.sec.gov/Archives/edgar/data/898174/000095013402010061/c71296exv10w21.txt,2002-08-14,2002-898174-0000950134-02-010061-c71296exv10w21.txt
0000950130-02-005841,911421,PARTNERRE LTD (PREJF) (CIK 0000911421),PREJF,CREDIT AGREEMENT,10-Q,EX-10.2,https://www.sec.gov/Archives/edgar/data/911421/000095013002005841/dex102.htm,2002-08-14,2002-911421-0000950130-02-005841-dex102.htm
0000950131-02-003204,850141,HORACE MANN EDUCATORS CORP /DE/ (HMN) (CIK 0000850141),HMN,"CREDIT AGREEMENT DATED AS OF MAY 29, 2002",10-Q,EX-10.1,https://www.sec.gov/Archives/edgar/data/850141/000095013102003204/dex101.txt,2002-08-14,2002-850141-0000950131-02-003204-dex101.txt
0001045829-02-000033,1045829,VANGUARD HEALTH SYSTEMS INC (CIK 0001045829),,,10-Q,EX-10.1,https://www.sec.gov/Archives/edgar/data/1045829/000104582902000033/exhibit.txt,2002-11-12,2002-1045829-0001045829-02-000033-exhibit.txt
0001133884-02-000357,1013698,SYMONS INTERNATIONAL GROUP INC (CIK 0001013698),,REINSURANCE AGREEMENT,10-K,EX-10.13(10),https://www.sec.gov/Archives/edgar/data/1013698/000113388402000357/gex10_1310-27854.txt,2002-04-01,2002-1013698-0001133884-02-000357-gex10_1310-27854.txt
0000310826-02-000057,310826,PROTECTIVE LIFE INSURANCE CO (CIK 0000310826),,,10-K,EX-10,https://www.sec.gov/Archives/edgar/data/310826/000031082602000057/ex10eplico.htm,2002-04-01,2002-310826-0000310826-02-000057-ex10eplico.htm
0000950130-02-003593,1141719,MAX RE CAPITAL LTD (CIK 0001141719),,LETTER OF CREDIT REIMBURSEMENT AGREEMENT,10-Q,EX-10.1,https://www.sec.gov/Archives/edgar/data/1141719/000095013002003593/dex101.txt,2002-05-14,2002-1141719-0000950130-02-003593-dex101.txt
0001015402-02-003440,100331,21ST CENTURY INSURANCE GROUP (CIK 0000100331),,,10-Q,EX-10.(O),https://www.sec.gov/Archives/edgar/data/100331/000101540202003440/doc2.txt,2002-10-25,2002-100331-0001015402-02-003440-doc2.txt
0001125282-02-003342,1091748,"PXRE GROUP LTD (ARGD, ARGO-PA) (CIK 0001091748)",ARGD,CONSULTING AND SEPARATION AGREEMENT,10-Q,EX-10.2,https://www.sec.gov/Archives/edgar/data/1091748/000112528202003342/b321019ex_10-2.txt,2002-11-12,2002-1091748-0001125282-02-003342-b321019ex_10-2.txt
0000945094-02-000444,716791,NORTHBROOK LIFE INSURANCE CO (CIK 0000716791),,AGREEMENTS,10-Q,EX-10,https://www.sec.gov/Archives/edgar/data/716791/000094509402000444/nlicexh10.txt,2002-05-15,2002-716791-0000945094-02-000444-nlicexh10.txt
0000950136-02-000956,913144,"RENAISSANCERE HOLDINGS LTD (RNR, RNR-PF, RNR-PG) (CIK 0000913144)",RNR,MASTER STANDBY LETTER,10-K,EX-10.24,https://www.sec.gov/Archives/edgar/data/913144/000095013602000956/file007.txt,2002-04-01,2002-913144-0000950136-02-000956-file007.txt
0000950159-02-000183,910110,PENN AMERICA GROUP INC (CIK 0000910110),,EXHIBIT 10.20,10-K,EX-10,https://www.sec.gov/Archives/edgar/data/910110/000095015902000183/paex10-20.txt,2002-03-28,2002-910110-0000950159-02-000183-paex10-20.txt
0000912057-02-032214,947484,"ARCH CAPITAL GROUP LTD (ACGL, ACGLN, ACGLO) (CIK 0000947484)",ACGL,EXHIBIT 10.2,10-Q,EX-10.2,https://www.sec.gov/Archives/edgar/data/947484/000091205702032214/a2086983zex-10_2.txt,2002-08-14,2002-947484-0000912057-02-032214-a2086983zex-10_2.txt
0000754009-02-000016,754009,SIERRA HEALTH SERVICES INC (CIK 0000754009),,,10-K,EX-10,https://www.sec.gov/Archives/edgar/data/754009/000075400902000016/ex10-13.htm,2002-03-29,2002-754009-0000754009-02-000016-ex10-13.htm
0001125282-02-003342,1091748,"PXRE GROUP LTD (ARGD, ARGO-PA) (CIK 0001091748)",ARGD,CREDIT ENHANCEMENT POLICY,10-Q,EX-10.3B,https://www.sec.gov/Archives/edgar/data/1091748/000112528202003342/b321019ex_10-3b.txt,2002-11-12,2002-1091748-0001125282-02-003342-b321019ex_10-3b.txt
0000891554-02-000110,1122211,TRENWICK GROUP LTD (CIK 0001122211),,1ST AMENDMENT AND WAIVER TO THE CREDIT AGREEMENT,10-Q/A,EX-10.1,https://www.sec.gov/Archives/edgar/data/1122211/000089155402000110/d27464_10-1.txt,2002-01-11,2002-1122211-0000891554-02-000110-d27464_10-1.txt
0000950130-02-002262,814585,MBIA INC (MBI) (CIK 0000814585),MBI,NOTE SUBSCRIPTION AGREEMENT,10-K,EX-10.02,https://www.sec.gov/Archives/edgar/data/814585/000095013002002262/dex1002.txt,2002-03-29,2002-814585-0000950130-02-002262-dex1002.txt
0000891554-02-000111,1127783,TRENWICK AMERICA CORP (CIK 0001127783),,1ST AMENDMENT AND WAIVER TO THE CREDIT AGREEMENT,10-Q/A,EX-10.1,https://www.sec.gov/Archives/edgar/data/1127783/000089155402000111/d27465_10-1.txt,2002-01-11,2002-1127783-0000891554-02-000111-d27465_10-1.txt
0000950130-02-001969,874501,AMBAC FINANCIAL GROUP INC (AMBC) (CIK 0000874501),AMBC,"$800,000,000 AMENDED & RELSTATED CREDIT AGREEMENT",10-K,EX-10.24,https://www.sec.gov/Archives/edgar/data/874501/000095013002001969/dex1024.txt,2002-03-26,2002-874501-0000950130-02-001969-dex1024.txt
0000950131-02-000922,896159,ACE LTD (CB) (CIK 0000896159),CB,AMENDMENT AND RESTATEMENT DATED 11/21/2001,10-K,EX-10.62,https://www.sec.gov/Archives/edgar/data/896159/000095013102000922/dex1062.txt,2002-03-18,2002-896159-0000950131-02-000922-dex1062.txt
0000850414-02-000011,850414,NEW HORIZONS WORLDWIDE INC (CIK 0000850414),,AMENDMENT HISTORY ADDENDUM,10-Q,EX-10,https://www.sec.gov/Archives/edgar/data/850414/000085041402000011/x401k_amendhistadd.htm,2002-05-14,2002-850414-0000850414-02-000011-x401k_amendhistadd.htm
0000950168-02-002696,804269,AMERICREDIT CORP (CIK 0000804269),,LETTER OF CREDIT REIMBURSEMENT AGREEMENT,10-K,EX-10.70,https://www.sec.gov/Archives/edgar/data/804269/000095016802002696/dex1070.txt,2002-09-17,2002-804269-0000950168-02-002696-dex1070.txt
0001125282-02-000997,1091748,"PXRE GROUP LTD (ARGD, ARGO-PA) (CIK 0001091748)",ARGD,MATERIAL CONTRACTS,10-K,EX-10.9,https://www.sec.gov/Archives/edgar/data/1091748/000112528202000997/b317102ex10-9.txt,2002-03-27,2002-1091748-0001125282-02-000997-b317102ex10-9.txt
0000930413-02-001033,875159,XL CAPITAL LTD (CIK 0000875159),,LETTER OF CREDIT 11/20/01,10-K,EX-10.52,https://www.sec.gov/Archives/edgar/data/875159/000093041302001033/c23420_ex10-52.txt,2002-03-26,2002-875159-0000930413-02-001033-c23420_ex10-52.txt
0000950123-02-008071,1099219,"METLIFE INC (MET, MET-PA, MET-PE, MET-PF) (CIK 0001099219)",MET,CREDIT AGREEMENT,10-Q,EX-10.1,https://www.sec.gov/Archives/edgar/data/1099219/000095012302008071/y62792exv10w1.txt,2002-08-14,2002-1099219-0000950123-02-008071-y62792exv10w1.txt
0000931763-02-003493,740125,OVERSEAS PARTNERS LTD (CIK 0000740125),,EMPLOYMENT AGREEMENT -MARK CLOUTIER,10-Q,EX-10.(B),https://www.sec.gov/Archives/edgar/data/740125/000093176302003493/dex10b.htm,2002-11-14,2002-740125-0000931763-02-003493-dex10b.htm
0000899078-02-000658,1042051,INSPIRE INSURANCE SOLUTIONS INC (CIK 0001042051),,,10-K,EX-10.2,https://www.sec.gov/Archives/edgar/data/1042051/000089907802000658/ext10-2.txt,2002-11-07,2002-1042051-0000899078-02-000658-ext10-2.txt
0000891554-02-000111,1127783,TRENWICK AMERICA CORP (CIK 0001127783),,FIRST AMENDMENT TO THE HOLDINGS GUARANTY,10-Q/A,EX-10.2,https://www.sec.gov/Archives/edgar/data/1127783/000089155402000111/d27465_10-2.txt,2002-01-11,2002-1127783-0000891554-02-000111-d27465_10-2.txt
0000891554-02-000110,1122211,TRENWICK GROUP LTD (CIK 0001122211),,FIRST AMENDMENT TO THE HOLDINGS GUARANTY,10-Q/A,EX-10.2,https://www.sec.gov/Archives/edgar/data/1122211/000089155402000110/d27464_ex10-2.txt,2002-01-11,2002-1122211-0000891554-02-000110-d27464_ex10-2.txt
0000073952-02-000005,73952,OHIO CASUALTY CORP (CIK 0000073952),,OHIO CASUALTY CORP EXH 10.K TO FORM 10-K 12/31/2001,10-K,EX-10,https://www.sec.gov/Archives/edgar/data/73952/000007395202000005/exh10k.txt,2002-03-05,2002-73952-0000073952-02-000005-exh10k.txt
0001130319-02-000153,1137048,ODYSSEY RE HOLDINGS CORP (CIK 0001137048),,EXHIBIT 10.17 AMENDMENT #2 TO STOP LOSS AGREEMENT,10-K,EX-10.17,https://www.sec.gov/Archives/edgar/data/1137048/000113031902000153/t06515ex10-17.txt,2002-03-06,2002-1137048-0001130319-02-000153-t06515ex10-17.txt
0000902561-02-000571,896159,ACE LTD (CB) (CIK 0000896159),CB,,10-Q,EX-10.2,https://www.sec.gov/Archives/edgar/data/896159/000090256102000571/reim350.txt,2002-11-14,2002-896159-0000902561-02-000571-reim350.txt
0000950153-02-001971,4457,"AMERCO /NV/ (UHAL, UHAL-B) (CIK 0000004457)",UHAL,EX-10.45,10-Q,EX-10.45,https://www.sec.gov/Archives/edgar/data/4457/000095015302001971/p67178exv10w45.txt,2002-11-18,2002-4457-0000950153-02-001971-p67178exv10w45.txt
0000912057-02-031196,109261,ZENITH NATIONAL INSURANCE CORP (CIK 0000109261),,EXHIBIT 10.13,10-Q,EX-10.13,https://www.sec.gov/Archives/edgar/data/109261/000091205702031196/a2081542zex-10_13.htm,2002-08-12,2002-109261-0000912057-02-031196-a2081542zex-10_13.htm
0000912057-02-032307,1062780,COBALT CORP (CIK 0001062780),,EXHIBIT 10.8,10-Q,EX-10.8,https://www.sec.gov/Archives/edgar/data/1062780/000091205702032307/a2087177zex-10_8.txt,2002-08-14,2002-1062780-0000912057-02-032307-a2087177zex-10_8.txt
0000912057-02-012612,929031,PAULA FINANCIAL (CIK 0000929031),,EXHIBIT 10.47,10-K,EX-10.47,https://www.sec.gov/Archives/edgar/data/929031/000091205702012612/a2074801zex-10_47.htm,2002-03-29,2002-929031-0000912057-02-012612-a2074801zex-10_47.htm
0000912057-02-031196,109261,ZENITH NATIONAL INSURANCE CORP (CIK 0000109261),,EXHIBIT 10.12,10-Q,EX-10.12,https://www.sec.gov/Archives/edgar/data/109261/000091205702031196/a2081542zex-10_12.htm,2002-08-12,2002-109261-0000912057-02-031196-a2081542zex-10_12.htm
0000950131-02-000922,896159,ACE LTD (CB) (CIK 0000896159),CB,"REMBURSEMENT AGREEMENT FOR $500,000,000",10-K,EX-10.63,https://www.sec.gov/Archives/edgar/data/896159/000095013102000922/dex1063.txt,2002-03-18,2002-896159-0000950131-02-000922-dex1063.txt
0001133884-02-000357,1013698,SYMONS INTERNATIONAL GROUP INC (CIK 0001013698),,CONSULTING AGREEMENT,10-K,EX-10.24,https://www.sec.gov/Archives/edgar/data/1013698/000113388402000357/gex10_24-27854.txt,2002-04-01,2002-1013698-0001133884-02-000357-gex10_24-27854.txt
0000950134-02-010061,898174,"REINSURANCE GROUP OF AMERICA INC (RGA, RZB, RZC) (CIK 0000898174)",RGA,AMENDMENT NO. 2 TO CREDIT AGREEMENT,10-Q,EX-10.22,https://www.sec.gov/Archives/edgar/data/898174/000095013402010061/c71296exv10w22.txt,2002-08-14,2002-898174-0000950134-02-010061-c71296exv10w22.txt
0000950152-02-002582,874977,STATE AUTO FINANCIAL CORP (CIK 0000874977),,EXHIBIT 10 GG,10-K,EX-10.GG,https://www.sec.gov/Archives/edgar/data/874977/000095015202002582/l92931aex10-gg.txt,2002-03-29,2002-874977-0000950152-02-002582-l92931aex10-gg.txt
0001125282-02-000997,1091748,"PXRE GROUP LTD (ARGD, ARGO-PA) (CIK 0001091748)",ARGD,MATERIAL CONTRACTS,10-K,EX-10.34,https://www.sec.gov/Archives/edgar/data/1091748/000112528202000997/b317102_ex10-34.txt,2002-03-27,2002-1091748-0001125282-02-000997-b317102_ex10-34.txt
0000912057-02-011979,109261,ZENITH NATIONAL INSURANCE CORP (CIK 0000109261),,EXHIBIT 10.36,10-K,EX-10.36,https://www.sec.gov/Archives/edgar/data/109261/000091205702011979/a2066659zex-10_36.htm,2002-03-27,2002-109261-0000912057-02-011979-a2066659zex-10_36.htm
0001125282-02-000997,1091748,"PXRE GROUP LTD (ARGD, ARGO-PA) (CIK 0001091748)",ARGD,ENDORSEMENT TO FACULTATIVE RETROCESSION AGREEMENT,10-K,EX-10.3,https://www.sec.gov/Archives/edgar/data/1091748/000112528202000997/b317102_ex10-3.txt,2002-03-27,2002-1091748-0001125282-02-000997-b317102_ex10-3.txt
0000912057-02-031196,109261,ZENITH NATIONAL INSURANCE CORP (CIK 0000109261),,EXHIBIT 10.14,10-Q,EX-10.14,https://www.sec.gov/Archives/edgar/data/109261/000091205702031196/a2081542zex-10_14.htm,2002-08-12,2002-109261-0000912057-02-031196-a2081542zex-10_14.htm
0001133884-02-000357,1013698,SYMONS INTERNATIONAL GROUP INC (CIK 0001013698),,ADDENDUM TO REINSURANCE AGREEMENT,10-K,EX-10.13(13),https://www.sec.gov/Archives/edgar/data/1013698/000113388402000357/gex10_1313-27854.txt,2002-04-01,2002-1013698-0001133884-02-000357-gex10_1313-27854.txt
0000950159-02-000183,910110,PENN AMERICA GROUP INC (CIK 0000910110),,EXHIBIT 10.19.I,10-K,EX-10,https://www.sec.gov/Archives/edgar/data/910110/000095015902000183/paex1019-i.txt,2002-03-28,2002-910110-0000950159-02-000183-paex1019-i.txt
0000912057-02-011979,109261,ZENITH NATIONAL INSURANCE CORP (CIK 0000109261),,EXHIBIT 10.32,10-K,EX-10.32,https://www.sec.gov/Archives/edgar/data/109261/000091205702011979/a2066659zex-10_32.htm,2002-03-27,2002-109261-0000912057-02-011979-a2066659zex-10_32.htm
0000912057-02-041617,109261,ZENITH NATIONAL INSURANCE CORP (CIK 0000109261),,EXHIBIT 10.4,10-Q,EX-10.4,https://www.sec.gov/Archives/edgar/data/109261/000091205702041617/a2088173zex-10_4.htm,2002-11-08,2002-109261-0000912057-02-041617-a2088173zex-10_4.htm
0001021408-02-013493,826918,MUTUAL RISK MANAGEMENT LTD (CIK 0000826918),,PENNSYLVANIA REHABILITATION ORDERS,10-K/A,EX-10.27,https://www.sec.gov/Archives/edgar/data/826918/000102140802013493/dex1027.txt,2002-11-08,2002-826918-0001021408-02-013493-dex1027.txt
0000950152-02-002582,874977,STATE AUTO FINANCIAL CORP (CIK 0000874977),,EXHIBIT 10 FF,10-K,EX-10.FF,https://www.sec.gov/Archives/edgar/data/874977/000095015202002582/l92931aex10-ff.txt,2002-03-29,2002-874977-0000950152-02-002582-l92931aex10-ff.txt
0000950109-02-001882,826918,MUTUAL RISK MANAGEMENT LTD (CIK 0000826918),,PENNSYLVANIA REHABILITATION ORDER,10-K,EX-10.27,https://www.sec.gov/Archives/edgar/data/826918/000095010902001882/dex1027.txt,2002-04-02,2002-826918-0000950109-02-001882-dex1027.txt
0000950152-02-008575,874977,STATE AUTO FINANCIAL CORP (CIK 0000874977),,EX-10(NN) MANAGEMENT SERVICES AGREEMENT,10-Q,EX-10.NN,https://www.sec.gov/Archives/edgar/data/874977/000095015202008575/l96852aexv10wnn.txt,2002-11-14,2002-874977-0000950152-02-008575-l96852aexv10wnn.txt
0000893220-02-000680,1051628,ANNUITY & LIFE RE HOLDINGS LTD (CIK 0001051628),,LETTER OF INTENT,10-Q,EX-10.4,https://www.sec.gov/Archives/edgar/data/1051628/000089322002000680/w60806ex10-4.txt,2002-05-15,2002-1051628-0000893220-02-000680-w60806ex10-4.txt
0000930413-02-001033,875159,XL CAPITAL LTD (CIK 0000875159),,AMENDED AND RESTATED CREDIT AGREEMENT,10-K,EX-10.49,https://www.sec.gov/Archives/edgar/data/875159/000093041302001033/c23420_ex10-49.txt,2002-03-26,2002-875159-0000930413-02-001033-c23420_ex10-49.txt
0001125282-02-003342,1091748,"PXRE GROUP LTD (ARGD, ARGO-PA) (CIK 0001091748)",ARGD,CREDIT AGREEMENT AMENDMENT,10-Q,EX-10.3,https://www.sec.gov/Archives/edgar/data/1091748/000112528202003342/b321019ex_10-3.txt,2002-11-12,2002-1091748-0001125282-02-003342-b321019ex_10-3.txt
0000310826-02-000057,310826,PROTECTIVE LIFE INSURANCE CO (CIK 0000310826),,,10-K,EX-10,https://www.sec.gov/Archives/edgar/data/310826/000031082602000057/ex10fplico.htm,2002-04-01,2002-310826-0000310826-02-000057-ex10fplico.htm
0000002852-02-000035,2852,AGWAY INC (CIK 0000002852),,MATERIAL CONTRACTS,10-K,EX-10,https://www.sec.gov/Archives/edgar/data/2852/000000285202000035/exhibit10.txt,2002-09-30,2002-2852-0000002852-02-000035-exhibit10.txt
0000902561-02-000372,896159,ACE LTD (CB) (CIK 0000896159),CB,,10-Q,EX-10.1,https://www.sec.gov/Archives/edgar/data/896159/000090256102000372/ex-101.txt,2002-08-14,2002-896159-0000902561-02-000372-ex-101.txt
0001050566-02-000008,1050566,PROTECTIVE LIFE & ANNUITY INSURANCE CO (CIK 0001050566),,,10-K,EX-10,https://www.sec.gov/Archives/edgar/data/1050566/000105056602000008/exhibit10b.htm,2002-03-27,2002-1050566-0001050566-02-000008-exhibit10b.htm
0000902561-02-000571,896159,ACE LTD (CB) (CIK 0000896159),CB,,10-Q,EX-10.1,https://www.sec.gov/Archives/edgar/data/896159/000090256102000571/reim500.txt,2002-11-14,2002-896159-0000902561-02-000571-reim500.txt
0000898430-02-003173,1061890,ADVANCE STORES CO INC (CIK 0001061890),,AMENDMENT & RESTATEMENT AGREEMENT DATED 06/28/2002,10-Q,EX-10.47,https://www.sec.gov/Archives/edgar/data/1061890/000089843002003173/dex1047.txt,2002-08-14,2002-1061890-0000898430-02-003173-dex1047.txt
0001125282-02-002394,1091748,"PXRE GROUP LTD (ARGD, ARGO-PA) (CIK 0001091748)",ARGD,,10-Q,EX-10.01,https://www.sec.gov/Archives/edgar/data/1091748/000112528202002394/b319599_ex10-01.txt,2002-08-08,2002-1091748-0001125282-02-002394-b319599_ex10-01.txt
0000912057-02-012612,929031,PAULA FINANCIAL (CIK 0000929031),,EXHIBIT 10.49,10-K,EX-10.49,https://www.sec.gov/Archives/edgar/data/929031/000091205702012612/a2074801zex-10_49.htm,2002-03-29,2002-929031-0000912057-02-012612-a2074801zex-10_49.htm
0001133884-02-000357,1013698,SYMONS INTERNATIONAL GROUP INC (CIK 0001013698),,AMENDMENT TO EMPLOYMENT AGREEMENT,10-K,EX-10.22,https://www.sec.gov/Archives/edgar/data/1013698/000113388402000357/gex10_22-27854.txt,2002-04-01,2002-1013698-0001133884-02-000357-gex10_22-27854.txt
0000025191-02-000033,25191,COUNTRYWIDE CREDIT INDUSTRIES INC (CIK 0000025191),,EXHIBIT 10.59,10-K,EX-10,https://www.sec.gov/Archives/edgar/data/25191/000002519102000033/exhibit1059.htm,2002-04-01,2002-25191-0000025191-02-000033-exhibit1059.htm
0001021408-02-013493,826918,MUTUAL RISK MANAGEMENT LTD (CIK 0000826918),,ORDER OF CONSERVATION,10-K/A,EX-10.30,https://www.sec.gov/Archives/edgar/data/826918/000102140802013493/dex1030.txt,2002-11-08,2002-826918-0001021408-02-013493-dex1030.txt
0000898430-02-003171,1158449,ADVANCE AUTO PARTS INC (AAP) (CIK 0001158449),AAP,AMENDMENT AND RESTATEMENT AGREEMENT DATED 06/28/02,10-Q,EX-10.47,https://www.sec.gov/Archives/edgar/data/1158449/000089843002003171/dex1047.txt,2002-08-14,2002-1158449-0000898430-02-003171-dex1047.txt
0001125282-02-000997,1091748,"PXRE GROUP LTD (ARGD, ARGO-PA) (CIK 0001091748)",ARGD,MATERIAL CONTRACTS,10-K,EX-10.5,https://www.sec.gov/Archives/edgar/data/1091748/000112528202000997/b317102ex10-5.txt,2002-03-27,2002-1091748-0001125282-02-000997-b317102ex10-5.txt
0001133884-02-000357,1013698,SYMONS INTERNATIONAL GROUP INC (CIK 0001013698),,ADDENDUM TO REINSURANCE AGREEMENT,10-K,EX-10.13(15),https://www.sec.gov/Archives/edgar/data/1013698/000113388402000357/gex10_1315-27854.txt,2002-04-01,2002-1013698-0001133884-02-000357-gex10_1315-27854.txt
0001133884-02-000357,1013698,SYMONS INTERNATIONAL GROUP INC (CIK 0001013698),,ADDENDUM TO REINSURANCE AGREEMENT,10-K,EX-10.13(14),https://www.sec.gov/Archives/edgar/data/1013698/000113388402000357/gex10_1314-27854.txt,2002-04-01,2002-1013698-0001133884-02-000357-gex10_1314-27854.txt
0000950168-02-001438,1013609,SCPIE HOLDINGS INC (CIK 0001013609),,"EMPLOYMENT AGREEMENT DATED MAY 1, 2002",10-Q,EX-10.1,https://www.sec.gov/Archives/edgar/data/1013609/000095016802001438/dex101.txt,2002-05-15,2002-1013609-0000950168-02-001438-dex101.txt
0001130319-02-000153,1137048,ODYSSEY RE HOLDINGS CORP (CIK 0001137048),,EXHIBIT 10.35 NOTE PURCHASE AGREEMENT,10-K,EX-10.35,https://www.sec.gov/Archives/edgar/data/1137048/000113031902000153/t06515ex10-35.txt,2002-03-06,2002-1137048-0001130319-02-000153-t06515ex10-35.txt
0000950128-02-000748,922621,ERIE INDEMNITY CO (ERIE) (CIK 0000922621),ERIE,FORM OF ATTORNEY-IN-FACT PROVISION,10-Q,EX-10.12,https://www.sec.gov/Archives/edgar/data/922621/000095012802000748/j9708001exv10w12.txt,2002-11-06,2002-922621-0000950128-02-000748-j9708001exv10w12.txt
0001125282-02-000997,1091748,"PXRE GROUP LTD (ARGD, ARGO-PA) (CIK 0001091748)",ARGD,MATERIAL CONTRACTS,10-K,EX-10.8,https://www.sec.gov/Archives/edgar/data/1091748/000112528202000997/b317102ex10-8.txt,2002-03-27,2002-1091748-0001125282-02-000997-b317102ex10-8.txt
0000912057-02-013123,776867,WHITE MOUNTAINS INSURANCE GROUP LTD (WTM) (CIK 0000776867),WTM,EX-10.Z,10-K,EX-10.Z,https://www.sec.gov/Archives/edgar/data/776867/000091205702013123/a2075441zex-10_z.txt,2002-04-01,2002-776867-0000912057-02-013123-a2075441zex-10_z.txt
0000931763-02-000748,320335,"TORCHMARK CORP (GL, GL-PD) (CIK 0000320335)",GL,364 DAY CREDIT AGREEMENT,10-K,EX-10.D,https://www.sec.gov/Archives/edgar/data/320335/000093176302000748/dex10d.txt,2002-03-22,2002-320335-0000931763-02-000748-dex10d.txt
0000950131-02-001056,854662,MAF BANCORP INC (CIK 0000854662),,CREDIT AGREEMENT DATED 11-30-2001,10-K,EX-10.6,https://www.sec.gov/Archives/edgar/data/854662/000095013102001056/dex106.txt,2002-03-25,2002-854662-0000950131-02-001056-dex106.txt
0000950116-02-001232,20629,CSS INDUSTRIES INC (CIK 0000020629),,EXHIBIT 10.6,10-K,EX-10,https://www.sec.gov/Archives/edgar/data/20629/000095011602001232/ex10-6.txt,2002-05-24,2002-20629-0000950116-02-001232-ex10-6.txt
0000912057-02-040802,723612,CENDANT CORP (CAR) (CIK 0000723612),CAR,EXHIBIT 10.71,10-K/A,EX-10.71,https://www.sec.gov/Archives/edgar/data/723612/000091205702040802/a2092465zex-10_71.txt,2002-11-04,2002-723612-0000912057-02-040802-a2092465zex-10_71.txt
0001125282-02-000997,1091748,"PXRE GROUP LTD (ARGD, ARGO-PA) (CIK 0001091748)",ARGD,MATERIAL CONTRACTS,10-K,EX-10.30,https://www.sec.gov/Archives/edgar/data/1091748/000112528202000997/b317102ex10-30.txt,2002-03-27,2002-1091748-0001125282-02-000997-b317102ex10-30.txt
0000072162-02-000005,72162,NL INDUSTRIES INC (NL) (CIK 0000072162),NL,"PURCH AGMT-KRONOS, BIG BEND HOLD, & CONTRAN INS.",10-K,EX-10.39,https://www.sec.gov/Archives/edgar/data/72162/000007216202000005/exhibit10-39.txt,2002-03-14,2002-72162-0000072162-02-000005-exhibit10-39.txt
0000950144-02-005615,73609,OAKWOOD HOMES CORP (CIK 0000073609),,"LOAN AND SECURITY AGREEMENT, DATED 1-22-2002",10-Q,EX-10.2,https://www.sec.gov/Archives/edgar/data/73609/000095014402005615/g76153ex10-2.txt,2002-05-15,2002-73609-0000950144-02-005615-g76153ex10-2.txt
0000891554-02-001399,1122211,TRENWICK GROUP LTD (CIK 0001122211),,AMENDMENT NO. 1 CATASTROPHE EQUITY AGREEMENT,10-K,EX-10.7,https://www.sec.gov/Archives/edgar/data/1122211/000089155402001399/d50072_ex10-7.txt,2002-03-21,2002-1122211-0000891554-02-001399-d50072_ex10-7.txt
0001104659-02-003326,1101215,ALLIANCE DATA SYSTEMS CORP (BFH) (CIK 0001101215),BFH,EX-10.1,10-Q,EX-10.1,https://www.sec.gov/Archives/edgar/data/1101215/000110465902003326/j4557_ex10d1.htm,2002-08-09,2002-1101215-0001104659-02-003326-j4557_ex10d1.htm
0001133884-02-000364,1064063,MIIX GROUP INC (CIK 0001064063),,EX-10.54,10-K,EX-10.54,https://www.sec.gov/Archives/edgar/data/1064063/000113388402000364/gex10_54.txt,2002-04-01,2002-1064063-0001133884-02-000364-gex10_54.txt
0000931763-02-003493,740125,OVERSEAS PARTNERS LTD (CIK 0000740125),,EMPLOYMENT AGREEMENT -MARK BRIDGES,10-Q,EX-10.(A),https://www.sec.gov/Archives/edgar/data/740125/000093176302003493/dex10a.htm,2002-11-14,2002-740125-0000931763-02-003493-dex10a.htm
0001130319-02-000153,1137048,ODYSSEY RE HOLDINGS CORP (CIK 0001137048),,EXHIBIT 10.5 TAX ALLOCATION AGREEMENT,10-K,EX-10.5,https://www.sec.gov/Archives/edgar/data/1137048/000113031902000153/t06515ex10-5.txt,2002-03-06,2002-1137048-0001130319-02-000153-t06515ex10-5.txt
0000950123-02-007503,3499,ALEXANDERS INC (ALX) (CIK 0000003499),ALX,SUPPLEMENTAL LOAN AGREEMENT,10-Q,EX-10.I.C.2,https://www.sec.gov/Archives/edgar/data/3499/000095012302007503/y62648exv10wiwcw2.txt,2002-08-07,2002-3499-0000950123-02-007503-y62648exv10wiwcw2.txt
0000950159-02-000183,910110,PENN AMERICA GROUP INC (CIK 0000910110),,EXHIBIT 10.17.III,10-K,EX-10,https://www.sec.gov/Archives/edgar/data/910110/000095015902000183/paex1017-iii.txt,2002-03-28,2002-910110-0000950159-02-000183-paex1017-iii.txt
0000891554-02-000111,1127783,TRENWICK AMERICA CORP (CIK 0001127783),,SECOND AMENDMENT TO THE HOLDINGS GUARANTY,10-Q/A,EX-10.4,https://www.sec.gov/Archives/edgar/data/1127783/000089155402000111/d27465_ex10-4.txt,2002-01-11,2002-1127783-0000891554-02-000111-d27465_ex10-4.txt
0000891554-02-000110,1122211,TRENWICK GROUP LTD (CIK 0001122211),,2ND AMENDMENT TO THE HOLDINGS GUARANTY,10-Q/A,EX-10.4,https://www.sec.gov/Archives/edgar/data/1122211/000089155402000110/d27464_ex10-4.txt,2002-01-11,2002-1122211-0000891554-02-000110-d27464_ex10-4.txt
0000950123-02-007503,3499,ALEXANDERS INC (ALX) (CIK 0000003499),ALX,PROJECT LOAN AGREEMENT,10-Q,EX-10.I.C.1,https://www.sec.gov/Archives/edgar/data/3499/000095012302007503/y62648exv10wiwcw1.txt,2002-08-07,2002-3499-0000950123-02-007503-y62648exv10wiwcw1.txt
0000891554-02-001399,1122211,TRENWICK GROUP LTD (CIK 0001122211),,AMENDED AND RESTATED CATASTROPHE OPTION AGREEMENT,10-K,EX-10.6,https://www.sec.gov/Archives/edgar/data/1122211/000089155402001399/d50072_ex10-6.txt,2002-03-21,2002-1122211-0000891554-02-001399-d50072_ex10-6.txt
0000950159-02-000164,1041665,PMA CAPITAL CORP (CIK 0001041665),,EXHIBIT 10.28,10-K,EX-10,https://www.sec.gov/Archives/edgar/data/1041665/000095015902000164/exhibit10-28.htm,2002-03-19,2002-1041665-0000950159-02-000164-exhibit10-28.htm
0001001604-02-000046,1001604,EMERITUS CORP\WA\ (CIK 0001001604),,,10-Q,EX-10,https://www.sec.gov/Archives/edgar/data/1001604/000100160402000046/exhibit10711.txt,2002-11-08,2002-1001604-0001001604-02-000046-exhibit10711.txt
0000930413-02-002437,875159,XL CAPITAL LTD (CIK 0000875159),,CREDIT AGREEMENT,10-Q,EX-10.63,https://www.sec.gov/Archives/edgar/data/875159/000093041302002437/c25171_ex10-63.txt,2002-08-06,2002-875159-0000930413-02-002437-c25171_ex10-63.txt
0000916641-02-000718,913958,TFC ENTERPRISES INC (CIK 0000913958),,INSURANCE & INDEMNITY AGREEMENT,10-Q,EX-10.4,https://www.sec.gov/Archives/edgar/data/913958/000091664102000718/dex104.txt,2002-05-09,2002-913958-0000916641-02-000718-dex104.txt
0001021408-02-013493,826918,MUTUAL RISK MANAGEMENT LTD (CIK 0000826918),,EMPLOYMENT AGREEMENT,10-K/A,EX-10.29,https://www.sec.gov/Archives/edgar/data/826918/000102140802013493/dex1029.txt,2002-11-08,2002-826918-0001021408-02-013493-dex1029.txt
0000950152-02-002582,874977,STATE AUTO FINANCIAL CORP (CIK 0000874977),,EXHIBIT 10 HH,10-K,EX-10.HH,https://www.sec.gov/Archives/edgar/data/874977/000095015202002582/l92931aex10-hh.txt,2002-03-29,2002-874977-0000950152-02-002582-l92931aex10-hh.txt
0000950129-02-005499,1027258,SOUTHWEST BANCORP OF TEXAS INC (CIK 0001027258),,"PURCHASE AND SALE AGREEMENT DATED MAY 24, 2002",10-Q,EX-10.1,https://www.sec.gov/Archives/edgar/data/1027258/000095012902005499/h00598exv10w1.txt,2002-11-08,2002-1027258-0000950129-02-005499-h00598exv10w1.txt
0000950144-02-003674,1063167,INSURANCE MANAGEMENT SOLUTIONS GROUP INC (CIK 0001063167),,11/26/01 CLAIMS ADMINISTRATION AGREEMENT,10-K/A,EX-10.73,https://www.sec.gov/Archives/edgar/data/1063167/000095014402003674/g75105aex10-73.txt,2002-04-09,2002-1063167-0000950144-02-003674-g75105aex10-73.txt
0000701345-02-000050,701345,US AIRWAYS GROUP INC (CIK 0000701345),,,10-Q,EX-10,https://www.sec.gov/Archives/edgar/data/701345/000070134502000050/groupexhibit10_2.txt,2002-11-14,2002-701345-0000701345-02-000050-groupexhibit10_2.txt
0000898430-02-001049,64996,MERCURY GENERAL CORP (MCY) (CIK 0000064996),MCY,MANAGEMENT AGREEMENT,10-K,EX-10.24,https://www.sec.gov/Archives/edgar/data/64996/000089843002001049/dex1024.txt,2002-03-27,2002-64996-0000898430-02-001049-dex1024.txt
0000893220-02-000652,1111205,KRAMONT REALTY TRUST (CIK 0001111205),,"PURCHASE AGREEMENT DATED MAY 9, 2002",10-Q,EX-10.78,https://www.sec.gov/Archives/edgar/data/1111205/000089322002000652/w60508ex10-78.txt,2002-05-15,2002-1111205-0000893220-02-000652-w60508ex10-78.txt
0000950109-02-001882,826918,MUTUAL RISK MANAGEMENT LTD (CIK 0000826918),,"LETTER DATED MARCH 12, 2002",10-K,EX-10.28,https://www.sec.gov/Archives/edgar/data/826918/000095010902001882/dex1028.txt,2002-04-02,2002-826918-0000950109-02-001882-dex1028.txt
0000897069-02-000580,1010247,FPIC INSURANCE GROUP INC (CIK 0001010247),,EXHIBIT 10(MM) - BONOMO EMPLOYMENT AGREEMENT,10-Q,EX-10,https://www.sec.gov/Archives/edgar/data/1010247/000089706902000580/dkm114e.txt,2002-08-13,2002-1010247-0000897069-02-000580-dkm114e.txt
0000950128-02-000748,922621,ERIE INDEMNITY CO (ERIE) (CIK 0000922621),ERIE,SERVICE AGREEMENT,10-Q,EX-10.1,https://www.sec.gov/Archives/edgar/data/922621/000095012802000748/j9708001exv10w1.txt,2002-11-06,2002-922621-0000950128-02-000748-j9708001exv10w1.txt
0001047469-02-003116,315293,AON CORP (AON) (CIK 0000315293),AON,EX-10(X),10-Q,EX-10.(X),https://www.sec.gov/Archives/edgar/data/315293/000104746902003116/a2093657zex-10_x.txt,2002-11-14,2002-315293-0001047469-02-003116-a2093657zex-10_x.txt
0000950144-02-003769,911634,AVONDALE INC (CIK 0000911634),,RESTATED CREDIT AGREEMENT,10-Q,EX-10.27,https://www.sec.gov/Archives/edgar/data/911634/000095014402003769/g75469ex10-27.txt,2002-04-12,2002-911634-0000950144-02-003769-g75469ex10-27.txt
0001001604-02-000007,1001604,EMERITUS CORP\WA\ (CIK 0001001604),,EXHIBIT 10.46.8,10-K,EX-10,https://www.sec.gov/Archives/edgar/data/1001604/000100160402000007/exhibit10468.txt,2002-03-29,2002-1001604-0001001604-02-000007-exhibit10468.txt
0000931814-02-000001,931814,WINSLOEW FURNITURE INC (CIK 0000931814),,CIBC CREDIT AGREEMENT WITH WINSLOEW,10-K,EX-10,https://www.sec.gov/Archives/edgar/data/931814/000093181402000001/cibccreditagreement.txt,2002-03-27,2002-931814-0000931814-02-000001-cibccreditagreement.txt
0000950152-02-003948,874977,STATE AUTO FINANCIAL CORP (CIK 0000874977),,EX-10(LL),10-Q,EX-10.LL,https://www.sec.gov/Archives/edgar/data/874977/000095015202003948/l94233aex10-ll.txt,2002-05-10,2002-874977-0000950152-02-003948-l94233aex10-ll.txt
0000950129-02-003806,1048268,INTEGRATED ELECTRICAL SERVICES INC (IESC) (CIK 0001048268),IESC,AMEND. #4 TO CREDIT AGREEMENT,10-Q/A,EX-10.2,https://www.sec.gov/Archives/edgar/data/1048268/000095012902003806/h98584aexv10w2.txt,2002-08-01,2002-1048268-0000950129-02-003806-h98584aexv10w2.txt
0000950144-02-003186,1040829,GAYLORD ENTERTAINMENT CO /DE (RHP) (CIK 0001040829),RHP,CREDIT AGREEMENT DATED 10/9/01,10-K,EX-10.15,https://www.sec.gov/Archives/edgar/data/1040829/000095014402003186/g74977ex10-15.txt,2002-04-01,2002-1040829-0000950144-02-003186-g74977ex10-15.txt
0000950144-02-002175,1013243,AAIPHARMA INC (CIK 0001013243),,FIRST AMENDMENT TO SECOND AMENDED LOAN AGREEMENT,10-K,EX-10.19,https://www.sec.gov/Archives/edgar/data/1013243/000095014402002175/g74549ex10-19.txt,2002-03-11,2002-1013243-0000950144-02-002175-g74549ex10-19.txt
0000912057-02-012715,319815,MAXWELL TECHNOLOGIES INC (CIK 0000319815),,EXHIBIT 10.35,10-K,EX-10.35,https://www.sec.gov/Archives/edgar/data/319815/000091205702012715/a2074708zex-10_35.htm,2002-03-29,2002-319815-0000912057-02-012715-a2074708zex-10_35.htm
0001163461-02-000019,1163461,INTEGRATED DEFENSE TECHNOLOGIES INC (CIK 0001163461),,AMENDED AND RESTATED CREDIT AGREEMENT,10-Q,EX-10,https://www.sec.gov/Archives/edgar/data/1163461/000116346102000019/creditagree.txt,2002-11-07,2002-1163461-0001163461-02-000019-creditagree.txt
0000950123-02-009308,1089567,EDISON SCHOOLS INC (CIK 0001089567),,CREDIT AND SECURITY AGREEMENT,10-K,EX-10.45,https://www.sec.gov/Archives/edgar/data/1089567/000095012302009308/y64230exv10w45.txt,2002-09-30,2002-1089567-0000950123-02-009308-y64230exv10w45.txt
0000950129-02-003773,1048268,INTEGRATED ELECTRICAL SERVICES INC (IESC) (CIK 0001048268),IESC,AMEND. #4 TO CREDIT AGREEMENT,10-Q,EX-10.2,https://www.sec.gov/Archives/edgar/data/1048268/000095012902003773/h98584exv10w2.txt,2002-07-30,2002-1048268-0000950129-02-003773-h98584exv10w2.txt
0001169232-02-002928,1122211,TRENWICK GROUP LTD (CIK 0001122211),,CONSULTING AGREEMENT,10-Q,EX-10.2,https://www.sec.gov/Archives/edgar/data/1122211/000116923202002928/d52670_ex10-2.txt,2002-11-14,2002-1122211-0001169232-02-002928-d52670_ex10-2.txt
0001169232-02-002982,1127783,TRENWICK AMERICA CORP (CIK 0001127783),,CONSULTING AGREEMENT,10-Q,EX-10.2,https://www.sec.gov/Archives/edgar/data/1127783/000116923202002982/d52670_10-2.txt,2002-11-14,2002-1127783-0001169232-02-002982-d52670_10-2.txt
0001169232-02-002934,1001384,LASALLE RE HOLDINGS LTD (CIK 0001001384),,AGREEMENT,10-Q,EX-10.2,https://www.sec.gov/Archives/edgar/data/1001384/000116923202002934/d52671_10-2.txt,2002-11-14,2002-1001384-0001169232-02-002934-d52671_10-2.txt
0000930413-02-001033,875159,XL CAPITAL LTD (CIK 0000875159),,PLEDGE AGREEMENT,10-K,EX-10.54,https://www.sec.gov/Archives/edgar/data/875159/000093041302001033/c23420_ex10-54.txt,2002-03-26,2002-875159-0000930413-02-001033-c23420_ex10-54.txt
0000950152-02-006300,874977,STATE AUTO FINANCIAL CORP (CIK 0000874977),,EXHIBIT 10(LL),10-Q,EX-10.LL,https://www.sec.gov/Archives/edgar/data/874977/000095015202006300/l95376aexv10wll.txt,2002-08-14,2002-874977-0000950152-02-006300-l95376aexv10wll.txt
0000950144-02-002948,1044942,PROVINCE HEALTHCARE CO (CIK 0001044942),,LEASE AND MANAGEMENT AGREEMENT,10-K,EX-10.11,https://www.sec.gov/Archives/edgar/data/1044942/000095014402002948/g74743ex10-11.txt,2002-03-28,2002-1044942-0000950144-02-002948-g74743ex10-11.txt
0000724941-02-000015,724941,MERISEL INC /DE/ (CIK 0000724941),,EXHIBIT 10.8 - CONSTRUCTION LOAN AGREEMENT,10-Q,EX-10,https://www.sec.gov/Archives/edgar/data/724941/000072494102000015/exh10_8.txt,2002-08-13,2002-724941-0000724941-02-000015-exh10_8.txt
0000885508-02-000005,885508,STRATUS PROPERTIES INC (STRS) (CIK 0000885508),STRS,EXHIBIT 10.15,10-K,EX-10,https://www.sec.gov/Archives/edgar/data/885508/000088550802000005/strs1015a.txt,2002-03-22,2002-885508-0000885508-02-000005-strs1015a.txt
0000885508-02-000005,885508,STRATUS PROPERTIES INC (STRS) (CIK 0000885508),STRS,EXHIBIT 10.13,10-K,EX-10,https://www.sec.gov/Archives/edgar/data/885508/000088550802000005/strs1013a.txt,2002-03-22,2002-885508-0000885508-02-000005-strs1013a.txt
0001047469-02-003116,315293,AON CORP (AON) (CIK 0000315293),AON,EX-10(Y),10-Q,EX-10.(Y),https://www.sec.gov/Archives/edgar/data/315293/000104746902003116/a2093657zex-10_y.txt,2002-11-14,2002-315293-0001047469-02-003116-a2093657zex-10_y.txt
0000912057-02-012305,902270,DEPARTMENT 56 INC (CIK 0000902270),,EXHIBIT 10.19,10-K,EX-10.19,https://www.sec.gov/Archives/edgar/data/902270/000091205702012305/a2073652zex-10_19.htm,2002-03-28,2002-902270-0000912057-02-012305-a2073652zex-10_19.htm
0000950152-02-008558,944148,CENTURY BUSINESS SERVICES INC (CBZ) (CIK 0000944148),CBZ,EXHIBIT 10.17,10-Q,EX-10.17,https://www.sec.gov/Archives/edgar/data/944148/000095015202008558/l96792aexv10w17.txt,2002-11-14,2002-944148-0000950152-02-008558-l96792aexv10w17.txt
0000950134-02-010132,786344,GAINSCO INC (CIK 0000786344),,LETTER OF INTENT,10-Q,EX-10.29,https://www.sec.gov/Archives/edgar/data/786344/000095013402010132/d98792exv10w29.txt,2002-08-14,2002-786344-0000950134-02-010132-d98792exv10w29.txt
0001021408-02-011002,1017958,RMH TELESERVICES INC (CIK 0001017958),,TELEMARKETING SERVICES AGREEMENT,10-Q,EX-10.3,https://www.sec.gov/Archives/edgar/data/1017958/000102140802011002/dex103.htm,2002-08-14,2002-1017958-0001021408-02-011002-dex103.htm
0000950134-02-003027,888919,HCC INSURANCE HOLDINGS INC/DE/ (CIK 0000888919),,AMENDMENT TO LOAN AGREEMENT,10-K,EX-10.5,https://www.sec.gov/Archives/edgar/data/888919/000095013402003027/h95385ex10-5.txt,2002-04-01,2002-888919-0000950134-02-003027-h95385ex10-5.txt
0000944695-02-000019,944695,ALLMERICA FINANCIAL CORP (THG) (CIK 0000944695),THG,AMENDMENT TO THE JPMORGAN CHASE CREDIT AGREEMENT,10-Q,EX-10,https://www.sec.gov/Archives/edgar/data/944695/000094469502000019/loan-agrmt.txt,2002-08-14,2002-944695-0000944695-02-000019-loan-agrmt.txt
0000916641-02-000400,1064863,AMERIGROUP CORP (CIK 0001064863),,CREDIT AND GUARANTY AGREEMENT,10-K,EX-10.21,https://www.sec.gov/Archives/edgar/data/1064863/000091664102000400/dex1021.htm,2002-03-12,2002-1064863-0000916641-02-000400-dex1021.htm
0000930413-02-001033,875159,XL CAPITAL LTD (CIK 0000875159),,LETTER OF CREDIT 12/31/01,10-K,EX-10.53,https://www.sec.gov/Archives/edgar/data/875159/000093041302001033/c23420_ex10-53.txt,2002-03-26,2002-875159-0000930413-02-001033-c23420_ex10-53.txt
0000885508-02-000005,885508,STRATUS PROPERTIES INC (STRS) (CIK 0000885508),STRS,EXHIBIT 10.26,10-K,EX-10,https://www.sec.gov/Archives/edgar/data/885508/000088550802000005/strs1026ab.txt,2002-03-22,2002-885508-0000885508-02-000005-strs1026ab.txt
0000950123-02-003827,1114937,NTL INC/DE/ (CIK 0001114937),,AMENDED & RESTATED CREDIT AGREEMENT,10-K,EX-10.6.A,https://www.sec.gov/Archives/edgar/data/1114937/000095012302003827/y59518ex10-6_a.txt,2002-04-16,2002-1114937-0000950123-02-003827-y59518ex10-6_a.txt
0000950144-02-006635,817946,MAYORS JEWELERS INC/DE (CIK 0000817946),,REVOLVING CREDIT AGREEMENT 5-30-2002,10-Q,EX-10.16,https://www.sec.gov/Archives/edgar/data/817946/000095014402006635/g76897exv10w16.txt,2002-06-18,2002-817946-0000950144-02-006635-g76897exv10w16.txt
0000899078-02-000658,1042051,INSPIRE INSURANCE SOLUTIONS INC (CIK 0001042051),,,10-K,EX-10.1,https://www.sec.gov/Archives/edgar/data/1042051/000089907802000658/ex10-1.txt,2002-11-07,2002-1042051-0000899078-02-000658-ex10-1.txt
0001045969-02-001958,1046501,BUCA INC /MN (CIK 0001046501),,REVOLVING CREDIT AND TERM LOAN AGREEMENT,10-Q/A,EX-10.1,https://www.sec.gov/Archives/edgar/data/1046501/000104596902001958/dex101.txt,2002-11-18,2002-1046501-0001045969-02-001958-dex101.txt
0001045969-02-001887,1046501,BUCA INC /MN (CIK 0001046501),,REVOLVING CREDIT AND TERM LOAN AGREEMENT,10-Q,EX-10.1,https://www.sec.gov/Archives/edgar/data/1046501/000104596902001887/dex101.txt,2002-11-13,2002-1046501-0001045969-02-001887-dex101.txt
0000950131-02-004842,3327,ALBERTO CULVER CO (CIK 0000003327),,"COPY OF CREDIT AGREEMENT DATED SEPTEMBER 11, 2002",10-K,EX-10.(H),https://www.sec.gov/Archives/edgar/data/3327/000095013102004842/dex10h.txt,2002-12-12,2002-3327-0000950131-02-004842-dex10h.txt
0000950134-02-003753,320017,CORNICHE GROUP INC /DE (LSTA) (CIK 0000320017),LSTA,SUPPLEMENTAL DISCLOSURE AGREEMENT,10-K,EX-10.(F),https://www.sec.gov/Archives/edgar/data/320017/000095013402003753/d96015ex10-f.txt,2002-04-15,2002-320017-0000950134-02-003753-d96015ex10-f.txt
0000950144-02-002948,1044942,PROVINCE HEALTHCARE CO (CIK 0001044942),,LEASE AGREEMENT AND ANNEX,10-K,EX-10.13,https://www.sec.gov/Archives/edgar/data/1044942/000095014402002948/g74743ex10-13.txt,2002-03-28,2002-1044942-0000950144-02-002948-g74743ex10-13.txt
0000950134-02-003027,888919,HCC INSURANCE HOLDINGS INC/DE/ (CIK 0000888919),,SECOND AMENDMENT TO LOAN AGREEMENT,10-K,EX-10.6,https://www.sec.gov/Archives/edgar/data/888919/000095013402003027/h95385ex10-6.txt,2002-04-01,2002-888919-0000950134-02-003027-h95385ex10-6.txt
0001021408-02-006703,882235,LINCARE HOLDINGS INC (CIK 0000882235),,CREDIT AGREEMENT,10-Q,EX-10.60,https://www.sec.gov/Archives/edgar/data/882235/000102140802006703/dex1060.txt,2002-05-13,2002-882235-0001021408-02-006703-dex1060.txt
0000950134-02-001814,1035983,COMFORT SYSTEMS USA INC (FIX) (CIK 0001035983),FIX,FIRST AMENDMENT TO CREDIT AGREEMENT,10-K,EX-10.32,https://www.sec.gov/Archives/edgar/data/1035983/000095013402001814/h94489ex10-32.txt,2002-03-06,2002-1035983-0000950134-02-001814-h94489ex10-32.txt
0001104659-02-003326,1101215,ALLIANCE DATA SYSTEMS CORP (BFH) (CIK 0001101215),BFH,EX-10.2,10-Q,EX-10.2,https://www.sec.gov/Archives/edgar/data/1101215/000110465902003326/j4557_ex10d2.htm,2002-08-09,2002-1101215-0001104659-02-003326-j4557_ex10d2.htm
0000893220-02-000393,890926,RADIAN GROUP INC (RDN) (CIK 0000890926),RDN,SECOND AMENDED AND RESTATED CHANGE-IN-CONTROL AGR,10-K,EX-10.35,https://www.sec.gov/Archives/edgar/data/890926/000089322002000393/w56746ex10-35.txt,2002-04-01,2002-890926-0000893220-02-000393-w56746ex10-35.txt
0000086312-02-000004,86312,ST PAUL COMPANIES INC /MN/ (TRV) (CIK 0000086312),TRV,SENIOR EXECUTIVE PERFORMANCE PLAN,10-Q,EX-10,https://www.sec.gov/Archives/edgar/data/86312/000008631202000004/senex102.txt,2002-05-15,2002-86312-0000086312-02-000004-senex102.txt
0000950123-02-007503,3499,ALEXANDERS INC (ALX) (CIK 0000003499),ALX,BUILDING LOAN AGREEMENT,10-Q,EX-10.I.C,https://www.sec.gov/Archives/edgar/data/3499/000095012302007503/y62648exv10wiwc.txt,2002-08-07,2002-3499-0000950123-02-007503-y62648exv10wiwc.txt
0001055264-02-000037,1055264,CNL RETIREMENT PROPERTIES INC (CIK 0001055264),,10.25 GREENWOOD VILLAGE,10-Q,EX-10,https://www.sec.gov/Archives/edgar/data/1055264/000105526402000037/gwoodvllge.txt,2002-11-12,2002-1055264-0001055264-02-000037-gwoodvllge.txt
0000950129-02-005740,1130310,CENTERPOINT ENERGY INC (CNP) (CIK 0001130310),CNP,AMENDED & RESTATED CREDIT AGREEMENT,10-Q,EX-10.A,https://www.sec.gov/Archives/edgar/data/1130310/000095012902005740/h00881exv10wa.txt,2002-11-14,2002-1130310-0000950129-02-005740-h00881exv10wa.txt
0000927016-02-003384,1070313,ANTHONY CRANE RENTAL LP (CIK 0001070313),,AMENDED AND RESTATED REVOLVING CREDIT AGREEMENT,10-K,EX-10.3,https://www.sec.gov/Archives/edgar/data/1070313/000092701602003384/dex103.txt,2002-06-25,2002-1070313-0000927016-02-003384-dex103.txt
0000950144-02-011516,96793,SUNLINK HEALTH SYSTEMS INC (SSY) (CIK 0000096793),SSY,EX-10.4 LOAN AGREEMENT,10-Q,EX-10.4,https://www.sec.gov/Archives/edgar/data/96793/000095014402011516/g79084exv10w4.txt,2002-11-12,2002-96793-0000950144-02-011516-g79084exv10w4.txt
0000950116-02-000482,899629,ACADIA REALTY TRUST (AKR) (CIK 0000899629),AKR,EXHIBIT 10-54,10-K,EX-10,https://www.sec.gov/Archives/edgar/data/899629/000095011602000482/ex10-54.txt,2002-03-28,2002-899629-0000950116-02-000482-ex10-54.txt
0000916238-02-000003,916238,MAPINFO CORP (CIK 0000916238),,EXHIBIT 10.1,10-Q,EX-10,https://www.sec.gov/Archives/edgar/data/916238/000091623802000003/bldgloan.htm,2002-02-13,2002-916238-0000916238-02-000003-bldgloan.htm
0000912057-02-042076,1083200,UNITED INDUSTRIES CORP (CIK 0001083200),,EXHIBIT 10.35,10-Q,EX-10.35,https://www.sec.gov/Archives/edgar/data/1083200/000091205702042076/a2093247zex-10_35.txt,2002-11-12,2002-1083200-0000912057-02-042076-a2093247zex-10_35.txt
0000927016-02-003385,1070316,ANTHONY CRANE RENTAL HOLDINGS LP (CIK 0001070316),,AMENDED AND RESTATED REVOLVING CREDIT AGREEMENT,10-K,EX-10.3,https://www.sec.gov/Archives/edgar/data/1070316/000092701602003385/dex103.txt,2002-06-25,2002-1070316-0000927016-02-003385-dex103.txt
0000950135-02-004712,1071739,CENTENE CORP (CNC) (CIK 0001071739),CNC,STOCK PURCHASE AGREEMENT,10-Q,EX-10.1,https://www.sec.gov/Archives/edgar/data/1071739/000095013502004712/b44491ccexv10w1.txt,2002-10-28,2002-1071739-0000950135-02-004712-b44491ccexv10w1.txt
0000914039-02-000396,919482,TRAVELERS PROPERTY CASUALTY CORP (CIK 0000919482),,EXHIBIT 10.1,10-Q,EX-10.1,https://www.sec.gov/Archives/edgar/data/919482/000091403902000396/y65514exv10w1.txt,2002-11-14,2002-919482-0000914039-02-000396-y65514exv10w1.txt
0000930413-02-001812,875159,XL CAPITAL LTD (CIK 0000875159),,EMPLOYMENT AGREEMENT,10-Q,EX-10.58,https://www.sec.gov/Archives/edgar/data/875159/000093041302001812/c24198_ex1058.txt,2002-05-14,2002-875159-0000930413-02-001812-c24198_ex1058.txt
0000950144-02-011458,916365,TRACTOR SUPPLY CO /DE/ (TSCO) (CIK 0000916365),TSCO,REVOLVING CREDIT AGREEMENT,10-Q,EX-10.65,https://www.sec.gov/Archives/edgar/data/916365/000095014402011458/g79159exv10w65.txt,2002-11-12,2002-916365-0000950144-02-011458-g79159exv10w65.txt
0000950123-02-007699,1086795,TEAM HEALTH INC (CIK 0001086795),,CREDIT AGREEMENT,10-Q,EX-10.18,https://www.sec.gov/Archives/edgar/data/1086795/000095012302007699/y62602exv10w18.txt,2002-08-12,2002-1086795-0000950123-02-007699-y62602exv10w18.txt
0000950152-02-008575,874977,STATE AUTO FINANCIAL CORP (CIK 0000874977),,EX-10(MM) SURPLUS CONTRIBUTION NOTE,10-Q,EX-10.MM,https://www.sec.gov/Archives/edgar/data/874977/000095015202008575/l96852aexv10wmm.txt,2002-11-14,2002-874977-0000950152-02-008575-l96852aexv10wmm.txt
0000912057-02-010303,948034,FIRST INVESTORS FINANCIAL SERVICES GROUP INC (CIK 0000948034),,EXHIBIT 10.100(B),10-Q,EX-10.100(B),https://www.sec.gov/Archives/edgar/data/948034/000091205702010303/a2073005zex-10_100b.txt,2002-03-18,2002-948034-0000912057-02-010303-a2073005zex-10_100b.txt
0000872548-02-000003,872548,FURRS RESTAURANT GROUP INC (CIK 0000872548),,CREDIT AGREEMENT,10-K,EX-10.8,https://www.sec.gov/Archives/edgar/data/872548/000087254802000003/cr-agree.txt,2002-04-01,2002-872548-0000872548-02-000003-cr-agree.txt
0000912057-02-011201,860546,CORPORATE OFFICE PROPERTIES TRUST (CDP) (CIK 0000860546),CDP,EXHIBIT 10.14.3,10-K,EX-10.14-3,https://www.sec.gov/Archives/edgar/data/860546/000091205702011201/a2073914zex-10_143.txt,2002-03-22,2002-860546-0000912057-02-011201-a2073914zex-10_143.txt
0000905895-02-000005,905895,HOLLYWOOD ENTERTAINMENT CORP (CIK 0000905895),,EXHIBIT 10.6 - CREDIT AGREEMENT,10-K,EX-10,https://www.sec.gov/Archives/edgar/data/905895/000090589502000005/ex10-6.txt,2002-04-01,2002-905895-0000905895-02-000005-ex10-6.txt
0000893220-02-000680,1051628,ANNUITY & LIFE RE HOLDINGS LTD (CIK 0001051628),,EMPLOYMENT AGREEMENT,10-Q,EX-10.1,https://www.sec.gov/Archives/edgar/data/1051628/000089322002000680/w60806ex10-1.txt,2002-05-15,2002-1051628-0000893220-02-000680-w60806ex10-1.txt
0000950134-02-005702,773660,UICI (CIK 0000773660),,"STOCK PURCHASE AGREEMENT DATED FEBRUARY 28, 2002",10-Q,EX-10.68,https://www.sec.gov/Archives/edgar/data/773660/000095013402005702/d96905ex10-68.txt,2002-05-15,2002-773660-0000950134-02-005702-d96905ex10-68.txt
0000950109-02-004266,1069822,MONY GROUP INC (CIK 0001069822),,INSURANCE AGREEMENT,10-Q,EX-10.6,https://www.sec.gov/Archives/edgar/data/1069822/000095010902004266/dex106.htm,2002-08-14,2002-1069822-0000950109-02-004266-dex106.htm
0000950144-02-008762,1041379,AFC ENTERPRISES INC (CIK 0001041379),,CREDIT AGREEMENT,10-Q,EX-10.1,https://www.sec.gov/Archives/edgar/data/1041379/000095014402008762/g77490exv10w1.txt,2002-08-14,2002-1041379-0000950144-02-008762-g77490exv10w1.txt
0000950144-02-005857,882287,MARINER HEALTH CARE INC (CIK 0000882287),,CREDIT AND GUARANTY AGREEMENT,10-Q,EX-10.3,https://www.sec.gov/Archives/edgar/data/882287/000095014402005857/g76449ex10-3.txt,2002-05-20,2002-882287-0000950144-02-005857-g76449ex10-3.txt
0000912057-02-002962,1041878,KSL RECREATION GROUP INC (CIK 0001041878),,EXHIBIT 10.20,10-K,EX-10.20,https://www.sec.gov/Archives/edgar/data/1041878/000091205702002962/a2068747zex-10_20.txt,2002-01-28,2002-1041878-0000912057-02-002962-a2068747zex-10_20.txt
0001047469-02-003009,878726,TUESDAY MORNING CORP/DE (TUEMQ) (CIK 0000878726),TUEM,EXHIBIT 10.1,10-Q,EX-10.1,https://www.sec.gov/Archives/edgar/data/878726/000104746902003009/a2092645zex-10_1.htm,2002-11-14,2002-878726-0001047469-02-003009-a2092645zex-10_1.htm
0001169232-02-002928,1122211,TRENWICK GROUP LTD (CIK 0001122211),,FORBEARANCE AGREEMENT,10-Q,EX-10.1,https://www.sec.gov/Archives/edgar/data/1122211/000116923202002928/d52670_ex10-1.txt,2002-11-14,2002-1122211-0001169232-02-002928-d52670_ex10-1.txt
0001169232-02-002982,1127783,TRENWICK AMERICA CORP (CIK 0001127783),,FORBEARANCE AGREEMENT,10-Q,EX-10.1,https://www.sec.gov/Archives/edgar/data/1127783/000116923202002982/d52670_10-1.txt,2002-11-14,2002-1127783-0001169232-02-002982-d52670_10-1.txt
0001169232-02-002934,1001384,LASALLE RE HOLDINGS LTD (CIK 0001001384),,FORBEARANCE AGREEMENT,10-Q,EX-10.1,https://www.sec.gov/Archives/edgar/data/1001384/000116923202002934/d52671_10-1.txt,2002-11-14,2002-1001384-0001169232-02-002934-d52671_10-1.txt
0000931763-02-000536,920760,"LENNAR CORP /NEW/ (LEN, LEN-B) (CIK 0000920760)",LEN,WAREHOUSING CREDIT AND SECURITY AGREEMENT,10-K,EX-10,https://www.sec.gov/Archives/edgar/data/920760/000093176302000536/dex10.txt,2002-02-28,2002-920760-0000931763-02-000536-dex10.txt
0000950144-02-005388,767673,SEROLOGICALS CORP (CIK 0000767673),,4TH AMENDED & RESTATED CREDIT AGREEMENT,10-Q,EX-10.1,https://www.sec.gov/Archives/edgar/data/767673/000095014402005388/g76002ex10-1.txt,2002-05-14,2002-767673-0000950144-02-005388-g76002ex10-1.txt
0000936392-02-000259,1142750,AMN HEALTHCARE SERVICES INC (AMN) (CIK 0001142750),AMN,EXHIBIT 10.42,10-K,EX-10.42,https://www.sec.gov/Archives/edgar/data/1142750/000093639202000259/a78565ex10-42.txt,2002-03-18,2002-1142750-0000936392-02-000259-a78565ex10-42.txt
0000215994-02-000009,215994,GOLD KIST INC (CIK 0000215994),,EXHIBIT B-10(E)(1),10-K,EX-10,https://www.sec.gov/Archives/edgar/data/215994/000021599402000009/b10e1.txt,2002-09-20,2002-215994-0000215994-02-000009-b10e1.txt
0000912057-02-042303,829218,HUNTSMAN POLYMERS CORP (CIK 0000829218),,EXHIBIT 10.4,10-Q,EX-10.4,https://www.sec.gov/Archives/edgar/data/829218/000091205702042303/a2092831zex-10_4.txt,2002-11-14,2002-829218-0000912057-02-042303-a2092831zex-10_4.txt
0001104659-02-004123,1032462,U S RESTAURANT PROPERTIES INC (CIK 0001032462),,EX-10.1,10-Q,EX-10.1,https://www.sec.gov/Archives/edgar/data/1032462/000110465902004123/j4544_ex10d1.htm,2002-08-14,2002-1032462-0001104659-02-004123-j4544_ex10d1.htm
0000950134-02-014745,1033032,SILVERLEAF RESORTS INC (CIK 0001033032),,AMENDED/RESTATED REVOLVING CREDIT AGREEMENT,10-Q,EX-10.3,https://www.sec.gov/Archives/edgar/data/1033032/000095013402014745/d00253exv10w3.txt,2002-11-19,2002-1033032-0000950134-02-014745-d00253exv10w3.txt
0000950144-02-008893,787784,AMERICAN RETIREMENT CORP (CIK 0000787784),,LOAN AGREEMENT,10-Q,EX-10.1,https://www.sec.gov/Archives/edgar/data/787784/000095014402008893/g77554exv10w1.txt,2002-08-14,2002-787784-0000950144-02-008893-g77554exv10w1.txt
0000911708-02-000002,911708,PRIME RETAIL INC/BD/ (CIK 0000911708),,EX-10.53 SEVENTH AMENDMENT TO PURCHASE AND SALE,10-K,EX-10,https://www.sec.gov/Archives/edgar/data/911708/000091170802000002/ex1053.txt,2002-03-29,2002-911708-0000911708-02-000002-ex1053.txt
0000912057-02-042303,829218,HUNTSMAN POLYMERS CORP (CIK 0000829218),,EXHIBIT 10.3,10-Q,EX-10.3,https://www.sec.gov/Archives/edgar/data/829218/000091205702042303/a2092831zex-10_3.txt,2002-11-14,2002-829218-0000912057-02-042303-a2092831zex-10_3.txt
0001068800-02-000069,815917,JONES FINANCIAL COMPANIES LP LLP (CIK 0000815917),,LEASE,10-K,EX-10.17,https://www.sec.gov/Archives/edgar/data/815917/000106880002000069/exh10p17.txt,2002-03-19,2002-815917-0001068800-02-000069-exh10p17.txt
0000950117-02-002299,26285,AGRILINK FOODS INC (CIK 0000026285),,EXHIBIT 10.10,10-K,EX-10,https://www.sec.gov/Archives/edgar/data/26285/000095011702002299/ex10-10.txt,2002-09-26,2002-26285-0000950117-02-002299-ex10-10.txt
0000950134-02-003108,1075656,MOBILITY ELECTRONICS INC (CIK 0001075656),,"AGREEMENT AND PLAN OF MERGER - MARCH 23, 2002",10-K,EX-10.7,https://www.sec.gov/Archives/edgar/data/1075656/000095013402003108/d95394ex10-7.txt,2002-04-01,2002-1075656-0000950134-02-003108-d95394ex10-7.txt
0000830158-02-000011,830158,LABONE INC/ (CIK 0000830158),,,10-Q,EX-10,https://www.sec.gov/Archives/edgar/data/830158/000083015802000011/ex103.htm,2002-08-14,2002-830158-0000830158-02-000011-ex103.htm
0000950134-02-004314,1071739,CENTENE CORP (CNC) (CIK 0001071739),CNC,CONTRACT FOR MEDICAID/BADGERCARE HMO SERVICES,10-Q,EX-10.1,https://www.sec.gov/Archives/edgar/data/1071739/000095013402004314/c69040ex10-1.txt,2002-04-29,2002-1071739-0000950134-02-004314-c69040ex10-1.txt
0000355429-02-000007,355429,PROTECTIVE LIFE CORP (CIK 0000355429),,,10-K,EX-10,https://www.sec.gov/Archives/edgar/data/355429/000035542902000007/ex10iplc.htm,2002-03-27,2002-355429-0000355429-02-000007-ex10iplc.htm
0000950152-02-002439,35214,FERRO CORP (CIK 0000035214),,EXHIBIT 10(I),10-K,EX-10.I,https://www.sec.gov/Archives/edgar/data/35214/000095015202002439/l92990aex10-i.txt,2002-03-27,2002-35214-0000950152-02-002439-l92990aex10-i.txt
0000950123-02-010871,20171,CHUBB CORP (CIK 0000020171),,EXHIBIT 10 - MATERIAL CONTRACTS,10-Q,EX-10,https://www.sec.gov/Archives/edgar/data/20171/000095012302010871/y65217exv10.htm,2002-11-14,2002-20171-0000950123-02-010871-y65217exv10.htm
0001021408-02-001917,803227,INTERTAN INC (CIK 0000803227),,DEFERRED COMPENSATION PLAN,10-Q,EX-10.(C),https://www.sec.gov/Archives/edgar/data/803227/000102140802001917/dex10c.txt,2002-02-12,2002-803227-0001021408-02-001917-dex10c.txt
0000950131-02-000479,904979,SHILOH INDUSTRIES INC (CIK 0000904979),,CREDIT AGREEMENT AMENDED & RESTATED 2/12/2002,10-K,EX-10.16,https://www.sec.gov/Archives/edgar/data/904979/000095013102000479/dex1016.txt,2002-02-13,2002-904979-0000950131-02-000479-dex1016.txt
0000950134-02-009531,99780,TRINITY INDUSTRIES INC (TRN) (CIK 0000099780),TRN,"WAREHOUSE LOAN AGREEMENT DATED JUNE 27, 2002",10-Q,EX-10.2,https://www.sec.gov/Archives/edgar/data/99780/000095013402009531/d98842exv10w2.txt,2002-08-12,2002-99780-0000950134-02-009531-d98842exv10w2.txt
0000950144-02-005655,1058623,CUMULUS MEDIA INC (CMLS) (CIK 0001058623),CMLS,CREDIT AGREEMENT,10-Q,EX-10.1,https://www.sec.gov/Archives/edgar/data/1058623/000095014402005655/g76304ex10-1.txt,2002-05-15,2002-1058623-0000950144-02-005655-g76304ex10-1.txt
0000049071-02-000085,49071,HUMANA INC (HUM) (CIK 0000049071),HUM,"364 DAY CREDIT AGT., AS AMENDED",10-Q,EX-10.1,https://www.sec.gov/Archives/edgar/data/49071/000004907102000085/credagt.htm,2002-11-12,2002-49071-0000049071-02-000085-credagt.htm
0000049071-02-000085,49071,HUMANA INC (HUM) (CIK 0000049071),HUM,"RFC LOAN AGT., AS AMENDED",10-Q,EX-10.2,https://www.sec.gov/Archives/edgar/data/49071/000004907102000085/rfclnagt.htm,2002-11-12,2002-49071-0000049071-02-000085-rfclnagt.htm
0001032210-02-000478,1034669,FISHER COMMUNICATIONS INC (CIK 0001034669),,"LOAN AGREEMENT DATED MARCH 21, 2002",10-K,EX-10.23,https://www.sec.gov/Archives/edgar/data/1034669/000103221002000478/dex1023.txt,2002-03-27,2002-1034669-0001032210-02-000478-dex1023.txt
0000910079-02-000005,910079,BEDFORD PROPERTY INVESTORS INC/MD (CIK 0000910079),,UNION BANK LOAN AGREEMENT; PROMISSORY NOTE,10-K,EX-10,https://www.sec.gov/Archives/edgar/data/910079/000091007902000005/ex1040.txt,2002-03-27,2002-910079-0000910079-02-000005-ex1040.txt
0000950133-02-001934,1011064,SUNRISE ASSISTED LIVING INC (CIK 0001011064),,MASTER CREDIT FACILITY AGREEMENT,10-Q,EX-10.6,https://www.sec.gov/Archives/edgar/data/1011064/000095013302001934/w60559ex10-6.txt,2002-05-14,2002-1011064-0000950133-02-001934-w60559ex10-6.txt
0000898430-02-003171,1158449,ADVANCE AUTO PARTS INC (AAP) (CIK 0001158449),AAP,AMENDED AND RESTATED CREDIT AGREEMENT,10-Q,EX-10.49,https://www.sec.gov/Archives/edgar/data/1158449/000089843002003171/dex1049.txt,2002-08-14,2002-1158449-0000898430-02-003171-dex1049.txt
0000930413-02-001033,875159,XL CAPITAL LTD (CIK 0000875159),,AGREEMENT OF LIMITED PARTNERSHIP,10-K,EX-10.57,https://www.sec.gov/Archives/edgar/data/875159/000093041302001033/c23420_ex10-57.txt,2002-03-26,2002-875159-0000930413-02-001033-c23420_ex10-57.txt
0000898430-02-003173,1061890,ADVANCE STORES CO INC (CIK 0001061890),,AMENDED AND RESTATED CREDIT AGREEMENT,10-Q,EX-10.49,https://www.sec.gov/Archives/edgar/data/1061890/000089843002003173/dex1049.txt,2002-08-14,2002-1061890-0000898430-02-003173-dex1049.txt
0000950136-02-002383,745448,METALDYNE CORP (CIK 0000745448),,CREDIT AGREEMENT,10-Q,EX-10,https://www.sec.gov/Archives/edgar/data/745448/000095013602002383/file002.txt,2002-08-14,2002-745448-0000950136-02-002383-file002.txt
0000950130-02-003090,1002590,STAR GAS PARTNERS LP (SGU) (CIK 0001002590),SGU,PARITY DEBT CREDIT AGREEMENT,10-Q,EX-10.29,https://www.sec.gov/Archives/edgar/data/1002590/000095013002003090/dex1029.txt,2002-04-30,2002-1002590-0000950130-02-003090-dex1029.txt
0000950116-02-000482,899629,ACADIA REALTY TRUST (AKR) (CIK 0000899629),AKR,EXHIBIT 10-55,10-K,EX-10,https://www.sec.gov/Archives/edgar/data/899629/000095011602000482/ex10-55.txt,2002-03-28,2002-899629-0000950116-02-000482-ex10-55.txt
0000950117-02-001734,801351,WARNACO GROUP INC /DE/ (CIK 0000801351),,EXHIBIT 10.37,10-K,EX-10,https://www.sec.gov/Archives/edgar/data/801351/000095011702001734/ex10-37.txt,2002-07-31,2002-801351-0000950117-02-001734-ex10-37.txt
0000950134-02-016153,895329,TUFCO TECHNOLOGIES INC (CIK 0000895329),,AMENDED AND RESTATED CREDIT AGREEMENT,10-K,EX-10.17,https://www.sec.gov/Archives/edgar/data/895329/000095013402016153/d02197exv10w17.txt,2002-12-30,2002-895329-0000950134-02-016153-d02197exv10w17.txt
0001130319-02-000153,1137048,ODYSSEY RE HOLDINGS CORP (CIK 0001137048),,EXHIBIT 10.32 EXCHANGE AGREEMENT,10-K,EX-10.32,https://www.sec.gov/Archives/edgar/data/1137048/000113031902000153/t06515ex10-32.txt,2002-03-06,2002-1137048-0001130319-02-000153-t06515ex10-32.txt
0001047469-02-003116,315293,AON CORP (AON) (CIK 0000315293),AON,EX-10(Z),10-Q,EX-10.(Z),https://www.sec.gov/Archives/edgar/data/315293/000104746902003116/a2093657zex-10_z.txt,2002-11-14,2002-315293-0001047469-02-003116-a2093657zex-10_z.txt
0000950144-02-005645,1047699,KING PHARMACEUTICALS INC (CIK 0001047699),,CREDIT AGREEMENT DATED AS OF 4/23/02,10-Q,EX-10.20,https://www.sec.gov/Archives/edgar/data/1047699/000095014402005645/g76107ex10-20.txt,2002-05-15,2002-1047699-0000950144-02-005645-g76107ex10-20.txt
0000930413-02-001103,62709,MARSH & MCLENNAN COMPANIES INC (MMC) (CIK 0000062709),MMC,SECOND LIMITED PARTNERSHIP AGREEMENT OF M&M,10-K,EX-10.23,https://www.sec.gov/Archives/edgar/data/62709/000093041302001103/c23478_ex10-23.txt,2002-03-29,2002-62709-0000930413-02-001103-c23478_ex10-23.txt
0000950134-02-001868,107263,WILLIAMS COMPANIES INC (WMB) (CIK 0000107263),WMB,"AIRCRAFT DRY LEASE N358WC, DATED 9/13/01",10-K,EX-10.(V),https://www.sec.gov/Archives/edgar/data/107263/000095013402001868/d93687ex10-v.txt,2002-03-07,2002-107263-0000950134-02-001868-d93687ex10-v.txt
0000950134-02-001868,107263,WILLIAMS COMPANIES INC (WMB) (CIK 0000107263),WMB,"AIRCRAFT DRY LEASE N352WC, DATED 9/13/01",10-K,EX-10.(U),https://www.sec.gov/Archives/edgar/data/107263/000095013402001868/d93687ex10-u.txt,2002-03-07,2002-107263-0000950134-02-001868-d93687ex10-u.txt
0000950134-02-001868,107263,WILLIAMS COMPANIES INC (WMB) (CIK 0000107263),WMB,"AIRCRAFT DRY LEASE N359WC, DATED 9/13/01",10-K,EX-10.(W),https://www.sec.gov/Archives/edgar/data/107263/000095013402001868/d93687ex10-w.txt,2002-03-07,2002-107263-0000950134-02-001868-d93687ex10-w.txt
0000930413-02-001033,875159,XL CAPITAL LTD (CIK 0000875159),,AGREEMENT OF LIMITED PARTNERSHIP,10-K,EX-10.56,https://www.sec.gov/Archives/edgar/data/875159/000093041302001033/c23420_ex10-56.txt,2002-03-26,2002-875159-0000930413-02-001033-c23420_ex10-56.txt
0000914039-02-000233,919482,TRAVELERS PROPERTY CASUALTY CORP (CIK 0000919482),,EXHIBIT 10.1,10-Q,EX-10.1,https://www.sec.gov/Archives/edgar/data/919482/000091403902000233/y60225ex10-1.txt,2002-05-15,2002-919482-0000914039-02-000233-y60225ex10-1.txt
0000892626-02-000207,839437,AMFAC HAWAII LLC (CIK 0000839437),,,10-Q,EX-10.25,https://www.sec.gov/Archives/edgar/data/839437/000089262602000207/ex_1025.txt,2002-05-16,2002-839437-0000892626-02-000207-ex_1025.txt
0000950144-02-008807,1066138,LODGIAN INC (CIK 0001066138),,COMMITMENT LETTER FROM MERRILL LYNCH MORTGAGE,10-Q,EX-10.1,https://www.sec.gov/Archives/edgar/data/1066138/000095014402008807/g77929exv10w1.txt,2002-08-14,2002-1066138-0000950144-02-008807-g77929exv10w1.txt
0000950152-02-002075,1062441,PENTON MEDIA INC (CIK 0001062441),,EXHIBIT 10.3,10-K,EX-10.3,https://www.sec.gov/Archives/edgar/data/1062441/000095015202002075/l93086aex10-3.txt,2002-03-21,2002-1062441-0000950152-02-002075-l93086aex10-3.txt
0000950152-02-002662,1122976,POLYONE CORP (AVNT) (CIK 0001122976),AVNT,EX-10.26B,10-K,EX-10.26.B,https://www.sec.gov/Archives/edgar/data/1122976/000095015202002662/l92591aex10-26_b.txt,2002-04-01,2002-1122976-0000950152-02-002662-l92591aex10-26_b.txt
0000950152-02-002582,874977,STATE AUTO FINANCIAL CORP (CIK 0000874977),,EXHIBIT 10 KK,10-K,EX-10.KK,https://www.sec.gov/Archives/edgar/data/874977/000095015202002582/l92931aex10-kk.txt,2002-03-29,2002-874977-0000950152-02-002582-l92931aex10-kk.txt
0000950144-02-008757,1073615,IASIS HEALTHCARE CORP (CIK 0001073615),,AMENDED AND RESTATED PIONEER HOSPITAL LEASE,10-Q,EX-10.2,https://www.sec.gov/Archives/edgar/data/1073615/000095014402008757/g77704exv10w2.txt,2002-08-14,2002-1073615-0000950144-02-008757-g77704exv10w2.txt
0000950134-02-003111,1045450,"ENTERTAINMENT PROPERTIES TRUST (EPR, EPR-PC, EPR-PE, EPR-PG) (CIK 0001045450)",EPR,2ND AMENDED/RESTATED CREDIT AGREEMENT,10-K,EX-10.21,https://www.sec.gov/Archives/edgar/data/1045450/000095013402003111/c68200ex10-21.txt,2002-04-01,2002-1045450-0000950134-02-003111-c68200ex10-21.txt
0000950152-02-002954,1122976,POLYONE CORP (AVNT) (CIK 0001122976),AVNT,EXHIBIT 10.26B,10-K/A,EX-10.26.B,https://www.sec.gov/Archives/edgar/data/1122976/000095015202002954/l93792aex10-26_b.txt,2002-04-12,2002-1122976-0000950152-02-002954-l93792aex10-26_b.txt
0000950148-02-000810,913292,CENTER TRUST INC (CIK 0000913292),,EXHIBIT 10.23,10-K,EX-10.23,https://www.sec.gov/Archives/edgar/data/913292/000095014802000810/v80126ex10-23.txt,2002-03-29,2002-913292-0000950148-02-000810-v80126ex10-23.txt
0000950134-02-001868,107263,WILLIAMS COMPANIES INC (WMB) (CIK 0000107263),WMB,MASTER LEASE DATED 9/13/01,10-K,EX-10.(Y),https://www.sec.gov/Archives/edgar/data/107263/000095013402001868/d93687ex10-y.txt,2002-03-07,2002-107263-0000950134-02-001868-d93687ex10-y.txt
0001157523-02-001124,902276,MONDAVI ROBERT CORP (CIK 0000902276),,ROBERT MONDAVI EX-10.45,10-K,EX-10.45,https://www.sec.gov/Archives/edgar/data/902276/000115752302001124/a4257058ex45.txt,2002-09-30,2002-902276-0001157523-02-001124-a4257058ex45.txt
0000950134-02-001868,107263,WILLIAMS COMPANIES INC (WMB) (CIK 0000107263),WMB,AGREEMENT OF PURCHASE AND SALE DATED 9/13/01,10-K,EX-10.(X),https://www.sec.gov/Archives/edgar/data/107263/000095013402001868/d93687ex10-x.txt,2002-03-07,2002-107263-0000950134-02-001868-d93687ex10-x.txt
0000912057-02-006165,1050007,NUTRACEUTICAL INTERNATIONAL CORP (CIK 0001050007),,EXHIBIT 10.10,10-Q,EX-10.10,https://www.sec.gov/Archives/edgar/data/1050007/000091205702006165/a2070428zex-10_10.htm,2002-02-14,2002-1050007-0000912057-02-006165-a2070428zex-10_10.htm
0001157523-02-001124,902276,MONDAVI ROBERT CORP (CIK 0000902276),,EXHIBIT 10.47,10-K,EX-10,https://www.sec.gov/Archives/edgar/data/902276/000115752302001124/a4257058ex47.txt,2002-09-30,2002-902276-0001157523-02-001124-a4257058ex47.txt
0001013218-02-000008,1013218,ALTERRA HEALTHCARE CORP (CIK 0001013218),,,10-Q,EX-10,https://www.sec.gov/Archives/edgar/data/1013218/000101321802000008/exhibit106.htm,2002-11-14,2002-1013218-0001013218-02-000008-exhibit106.htm
0000950148-02-002018,791449,HERBALIFE INTERNATIONAL INC (CIK 0000791449),,EXHIBIT 10.44,10-Q,EX-10.44,https://www.sec.gov/Archives/edgar/data/791449/000095014802002018/v83632exv10w44.txt,2002-08-14,2002-791449-0000950148-02-002018-v83632exv10w44.txt
0000950168-02-001406,906110,TOWN & COUNTRY TRUST (CIK 0000906110),,AMENDED AND RESTATED MASTER CREDIT AGREEMENT,10-Q,EX-10,https://www.sec.gov/Archives/edgar/data/906110/000095016802001406/dex10.txt,2002-05-15,2002-906110-0000950168-02-001406-dex10.txt
0000950109-02-004368,750813,SEITEL INC (CIK 0000750813),,NOTE PURCHASE AGREEMNT,10-K/A,EX-10.37,https://www.sec.gov/Archives/edgar/data/750813/000095010902004368/dex1037.txt,2002-08-19,2002-750813-0000950109-02-004368-dex1037.txt
