accessionNo,cik,companyNameLong,ticker,description,formType,type,filingUrl,filedAt,downloadFilename,classifyingModel,reinsurance,contractType,obligatoryType,proportional,classOfBusiness
0001401521-12-000005,1401521,UNITED INSURANCE HOLDINGS CORP. (ACIC) (CIK 0001401521),ACIC,CATASTROPHE EXCESS OF LOSS REINSURANCE AGREEMENT WITH VARIOUS PRIVATE REINSURERS,10-K,EX-10.11,https://www.sec.gov/Archives/edgar/data/1401521/000140152112000005/exh101131dec11.htm,2012-03-14,2012-1401521-0001401521-12-000005-exh101131dec11.htm,gemini-2.0-flash,Yes,Non-Life,Treaty,Non-Proportional,Specialty
0001193125-12-109359,874977,State Auto Financial CORP (CIK 0000874977),,HOMEOWNERS QUOTA SHARE REINSURANCE CONTRACT,10-K,EX-10.46,https://www.sec.gov/Archives/edgar/data/874977/000119312512109359/d260662dex1046.htm,2012-03-12,2012-874977-0001193125-12-109359-d260662dex1046.htm,gemini-2.0-flash,Yes,Non-Life,Treaty,Proportional,Specialty
0001193125-12-355555,1400810,"Homeowners Choice, Inc. (HCI, HCIIP) (CIK 0001400810)",HCI,EX-10.14,10-Q,EX-10.14,https://www.sec.gov/Archives/edgar/data/1400810/000119312512355555/d357819dex1014.htm,2012-08-14,2012-1400810-0001193125-12-355555-d357819dex1014.htm,gemini-2.0-flash,Yes,Non-Life,Treaty,Proportional,Specialty
0001140361-12-047018,1069996,FEDERATED NATIONAL HOLDING CO (CIK 0001069996),FNHC,EXHIBIT 10.3,10-Q,EX-10.3,https://www.sec.gov/Archives/edgar/data/1069996/000114036112047018/ex10_3.htm,2012-11-14,2012-1069996-0001140361-12-047018-ex10_3.htm,gemini-2.0-flash,Yes,Non-Life,Treaty,Non-Proportional,Property
0001140361-12-047018,1069996,FEDERATED NATIONAL HOLDING CO (CIK 0001069996),FNHC,EXHIBIT 10.1,10-Q,EX-10.1,https://www.sec.gov/Archives/edgar/data/1069996/000114036112047018/ex10_1.htm,2012-11-14,2012-1069996-0001140361-12-047018-ex10_1.htm,gemini-2.0-flash,Yes,Non-Life,Treaty,Non-Proportional,Specialty
0001072627-12-000009,1072627,KINGSWAY FINANCIAL SERVICES INC (KFS) (CIK 0001072627),KFS,AGREEMENT AND PLAN OF MERGER,10-K,EX-10.5,https://www.sec.gov/Archives/edgar/data/1072627/000107262712000009/a105atlas_mergerxagreement.htm,2012-03-30,2012-1072627-0001072627-12-000009-a105atlas_mergerxagreement.htm,gemini-2.0-flash,No,Non-Life,NA,NA,Casualty
0001140361-12-047018,1069996,FEDERATED NATIONAL HOLDING CO (CIK 0001069996),FNHC,EXHIBIT 10.2,10-Q,EX-10.2,https://www.sec.gov/Archives/edgar/data/1069996/000114036112047018/ex10_2.htm,2012-11-14,2012-1069996-0001140361-12-047018-ex10_2.htm,gemini-2.0-flash,Yes,Non-Life,Treaty,Proportional,Specialty
0001445305-12-003293,776867,WHITE MOUNTAINS INSURANCE GROUP LTD (WTM) (CIK 0000776867),WTM,EXHIBIT 10.1,10-Q,EX-10.1,https://www.sec.gov/Archives/edgar/data/776867/000144530512003293/wtm9-30x2012ex101.htm,2012-10-30,2012-776867-0001445305-12-003293-wtm9-30x2012ex101.htm,gemini-2.0-flash,,,,,
0001401521-12-000005,1401521,UNITED INSURANCE HOLDINGS CORP. (ACIC) (CIK 0001401521),ACIC,REINSTATEMENT PREMIUM PROTECTION REINSURANCE AGREEMENT WITH VARIOUS PRIVATE REINSURERS,10-K,EX-10.14,https://www.sec.gov/Archives/edgar/data/1401521/000140152112000005/exh101431dec11.htm,2012-03-14,2012-1401521-0001401521-12-000005-exh101431dec11.htm,gemini-2.0-flash,Yes,Non-Life,Treaty,Proportional,Specialty
0001193125-12-355555,1400810,"Homeowners Choice, Inc. (HCI, HCIIP) (CIK 0001400810)",HCI,EX-10.13,10-Q,EX-10.13,https://www.sec.gov/Archives/edgar/data/1400810/000119312512355555/d357819dex1013.htm,2012-08-14,2012-1400810-0001193125-12-355555-d357819dex1013.htm,gemini-2.0-flash,Yes,Non-Life,Treaty,Non-Proportional,Specialty
0001193125-12-355555,1400810,"Homeowners Choice, Inc. (HCI, HCIIP) (CIK 0001400810)",HCI,EX-10.16,10-Q,EX-10.16,https://www.sec.gov/Archives/edgar/data/1400810/000119312512355555/d357819dex1016.htm,2012-08-14,2012-1400810-0001193125-12-355555-d357819dex1016.htm,gemini-2.0-flash,Yes,Non-Life,Treaty,Non-Proportional,Specialty
0001193125-12-164603,8497,ASSURANCEAMERICA CORP (CIK 0000008497),,EX-10.38,10-K,EX-10.38,https://www.sec.gov/Archives/edgar/data/8497/000119312512164603/d284647dex1038.htm,2012-04-16,2012-8497-0001193125-12-164603-d284647dex1038.htm,gemini-2.0-flash,Yes,Non-Life,Treaty,Proportional,Casualty
0001193125-12-143523,1400810,"Homeowners Choice, Inc. (HCI, HCIIP) (CIK 0001400810)",HCI,REINSURANCE AGREEMENT,10-K,EX-10.22,https://www.sec.gov/Archives/edgar/data/1400810/000119312512143523/d262602dex1022.htm,2012-03-30,2012-1400810-0001193125-12-143523-d262602dex1022.htm,gemini-2.0-flash,Yes,Non-Life,Treaty,Non-Proportional,Property
0001412100-12-000014,1412100,"Maiden Holdings, Ltd. (MHLA, MHLD, MHNC) (CIK 0001412100)",MHLD,ENDORSEMENT NO. 2 TO THE QUOTA SHARE REINSURANCE CONTRACT,10-Q,EX-10.1,https://www.sec.gov/Archives/edgar/data/1412100/000141210012000014/q22012-exhibit101.htm,2012-08-09,2012-1412100-0001412100-12-000014-q22012-exhibit101.htm,gemini-2.0-flash,Yes,Non-Life,Treaty,Proportional,Specialty
0001401521-12-000005,1401521,UNITED INSURANCE HOLDINGS CORP. (ACIC) (CIK 0001401521),ACIC,PER RISK EXCESS OF LOSS REINSURANCE AGREEMENT WITH VARIOUS PRIVATE REINSURERS,10-K,EX-10.13,https://www.sec.gov/Archives/edgar/data/1401521/000140152112000005/exh101331dec11.htm,2012-03-14,2012-1401521-0001401521-12-000005-exh101331dec11.htm,gemini-2.0-flash,,,,,
0001072627-12-000009,1072627,KINGSWAY FINANCIAL SERVICES INC (KFS) (CIK 0001072627),KFS,PURCHASE AGREEMENT BETWEEN THE WESTAIM CORPORATION AND KINGSWAY FINANCIAL SERVICES INC.,10-K,EX-10.2,https://www.sec.gov/Archives/edgar/data/1072627/000107262712000009/a102juipterpurchaseagreeme.htm,2012-03-30,2012-1072627-0001072627-12-000009-a102juipterpurchaseagreeme.htm,gemini-2.0-flash,,,,,
0001144204-12-044048,1365555,"Amtrust Financial Services, Inc. (CIK 0001365555)",,EXHIBIT 10.3,10-Q,EX-10.3,https://www.sec.gov/Archives/edgar/data/1365555/000114420412044048/v315072_ex10-3.htm,2012-08-09,2012-1365555-0001144204-12-044048-v315072_ex10-3.htm,gemini-2.0-flash,Yes,Non-Life,Treaty,Proportional,Specialty
0001401521-12-000005,1401521,UNITED INSURANCE HOLDINGS CORP. (ACIC) (CIK 0001401521),ACIC,CATASTROPHE EXCESS OF LOSS REINSURANCE AGREEMENT WITH UPC RE,10-K,EX-10.15,https://www.sec.gov/Archives/edgar/data/1401521/000140152112000005/exh101531dec11.htm,2012-03-14,2012-1401521-0001401521-12-000005-exh101531dec11.htm,gemini-2.0-flash,Yes,Non-Life,Treaty,Non-Proportional,Property
0001193125-12-143523,1400810,"Homeowners Choice, Inc. (HCI, HCIIP) (CIK 0001400810)",HCI,ASSUMPTION AGREEMENT,10-K,EX-10.25,https://www.sec.gov/Archives/edgar/data/1400810/000119312512143523/d262602dex1025.htm,2012-03-30,2012-1400810-0001193125-12-143523-d262602dex1025.htm,gemini-2.0-flash,,,,,
0001193125-12-105289,1018979,AMERISAFE INC (AMSF) (CIK 0001018979),AMSF,INTEREST AND LIABILITIES AGREEMENT,10-K,EX-10.23,https://www.sec.gov/Archives/edgar/data/1018979/000119312512105289/d284139dex1023.htm,2012-03-09,2012-1018979-0001193125-12-105289-d284139dex1023.htm,gemini-2.0-flash,Yes,Non-Life,Treaty,Non-Proportional,Casualty
0001539894-12-000015,1539894,"Atlas Financial Holdings, Inc. (AFHIF) (CIK 0001539894)",AFHIF,PROGRAM MANAGER AGREEMENT,10-K/A,EX-10.7,https://www.sec.gov/Archives/edgar/data/1539894/000153989412000015/programmanageragreement.htm,2012-05-04,2012-1539894-0001539894-12-000015-programmanageragreement.htm,gemini-2.0-flash,Yes,Non-Life,Treaty,Proportional,Specialty
0001193125-12-355555,1400810,"Homeowners Choice, Inc. (HCI, HCIIP) (CIK 0001400810)",HCI,EX-10.11,10-Q,EX-10.11,https://www.sec.gov/Archives/edgar/data/1400810/000119312512355555/d357819dex1011.htm,2012-08-14,2012-1400810-0001193125-12-355555-d357819dex1011.htm,gemini-2.0-flash,Yes,Non-Life,Treaty,Proportional,Specialty
0001193125-12-355555,1400810,"Homeowners Choice, Inc. (HCI, HCIIP) (CIK 0001400810)",HCI,EX-10.15,10-Q,EX-10.15,https://www.sec.gov/Archives/edgar/data/1400810/000119312512355555/d357819dex1015.htm,2012-08-14,2012-1400810-0001193125-12-355555-d357819dex1015.htm,gemini-2.0-flash,Yes,Non-Life,Treaty,Non-Proportional,Specialty
0001193125-12-355555,1400810,"Homeowners Choice, Inc. (HCI, HCIIP) (CIK 0001400810)",HCI,EX-10.12,10-Q,EX-10.12,https://www.sec.gov/Archives/edgar/data/1400810/000119312512355555/d357819dex1012.htm,2012-08-14,2012-1400810-0001193125-12-355555-d357819dex1012.htm,gemini-2.0-flash,Yes,Non-Life,Treaty,Non-Proportional,Specialty
0001193125-12-355555,1400810,"Homeowners Choice, Inc. (HCI, HCIIP) (CIK 0001400810)",HCI,EX-10.20,10-Q,EX-10.20,https://www.sec.gov/Archives/edgar/data/1400810/000119312512355555/d357819dex1020.htm,2012-08-14,2012-1400810-0001193125-12-355555-d357819dex1020.htm,gemini-2.0-flash,Yes,Non-Life,Treaty,Non-Proportional,Specialty
0001193125-12-105289,1018979,AMERISAFE INC (AMSF) (CIK 0001018979),AMSF,INTEREST AND LIABILITIES AGREEMENT,10-K,EX-10.22,https://www.sec.gov/Archives/edgar/data/1018979/000119312512105289/d284139dex1022.htm,2012-03-09,2012-1018979-0001193125-12-105289-d284139dex1022.htm,gemini-2.0-flash,Yes,Non-Life,Treaty,Non-Proportional,Specialty
0001401521-12-000005,1401521,UNITED INSURANCE HOLDINGS CORP. (ACIC) (CIK 0001401521),ACIC,REINSTATEMENT PREMIUM PROTECTION REINSURANCE AGREEMENT WITH UPC RE,10-K,EX-10.16,https://www.sec.gov/Archives/edgar/data/1401521/000140152112000005/exh101631dec11.htm,2012-03-14,2012-1401521-0001401521-12-000005-exh101631dec11.htm,gemini-2.0-flash,Yes,Non-Life,Treaty,Proportional,Specialty
0001095073-12-000047,1095073,EVEREST RE GROUP LTD (EG) (CIK 0001095073),EG,CREDIT AGREEMENT AND SCHEDULE 2012,10-Q,EX-10.31,https://www.sec.gov/Archives/edgar/data/1095073/000109507312000047/group2q12creditagree.htm,2012-08-09,2012-1095073-0001095073-12-000047-group2q12creditagree.htm,gemini-2.0-flash,Yes,Non-Life,Treaty,NA,Specialty
0001445305-12-001582,916085,HEALTH NET INC (CIK 0000916085),,AMENDMENT TO ASSET PURCHASE AGREEMENT,10-Q,EX-10.1,https://www.sec.gov/Archives/edgar/data/916085/000144530512001582/exhibit1012012q1_amendment.htm,2012-05-09,2012-916085-0001445305-12-001582-exhibit1012012q1_amendment.htm,gemini-2.0-flash,Yes,Life,NA,NA,Health
0001445305-12-003293,776867,WHITE MOUNTAINS INSURANCE GROUP LTD (WTM) (CIK 0000776867),WTM,EXHIBIT 10.3,10-Q,EX-10.3,https://www.sec.gov/Archives/edgar/data/776867/000144530512003293/wtm9-30x2012ex103.htm,2012-10-30,2012-776867-0001445305-12-003293-wtm9-30x2012ex103.htm,gemini-2.0-flash,Yes,Non-Life,Treaty,Proportional,Specialty
0001347815-12-000012,1347815,"Flagstone Reinsurance Holdings, S.A. (CIK 0001347815)",,SHARE PURCHASE AGREEMENT,10-Q,EX-10.1,https://www.sec.gov/Archives/edgar/data/1347815/000134781512000012/ex101.htm,2012-08-07,2012-1347815-0001347815-12-000012-ex101.htm,gemini-2.0-flash,Yes,Non-Life,Treaty,Proportional,Specialty
0001045829-12-000109,1045829,VANGUARD HEALTH SYSTEMS INC (CIK 0001045829),,EXHIBIT 10.4,10-Q,EX-10.4,https://www.sec.gov/Archives/edgar/data/1045829/000104582912000109/ex-1042012930x10q.htm,2012-11-01,2012-1045829-0001045829-12-000109-ex-1042012930x10q.htm,gemini-2.0-flash,Yes,Non-Life,Treaty,Proportional,Health
0001144204-12-057761,20286,CINCINNATI FINANCIAL CORP (CINF) (CIK 0000020286),CINF,EXHIBIT 10.1,10-Q,EX-10.1,https://www.sec.gov/Archives/edgar/data/20286/000114420412057761/v322568_ex10-1.htm,2012-10-25,2012-20286-0001144204-12-057761-v322568_ex10-1.htm,gemini-2.0-flash,Yes,Non-Life,NA,NA,Specialty
0001193125-12-355555,1400810,"Homeowners Choice, Inc. (HCI, HCIIP) (CIK 0001400810)",HCI,EX-10.19,10-Q,EX-10.19,https://www.sec.gov/Archives/edgar/data/1400810/000119312512355555/d357819dex1019.htm,2012-08-14,2012-1400810-0001193125-12-355555-d357819dex1019.htm,gemini-2.0-flash,Yes,Non-Life,Treaty,Non-Proportional,Specialty
0001104659-12-015638,1361538,Primoris Services Corp (PRIM) (CIK 0001361538),PRIM,EX-10.51,10-K,EX-10.51,https://www.sec.gov/Archives/edgar/data/1361538/000110465912015638/a12-1306_1ex10d51.htm,2012-03-05,2012-1361538-0001104659-12-015638-a12-1306_1ex10d51.htm,gemini-2.0-flash,Yes,Non-Life,Treaty,Proportional,Specialty
0001445305-12-003293,776867,WHITE MOUNTAINS INSURANCE GROUP LTD (WTM) (CIK 0000776867),WTM,EXHIBIT 10.2,10-Q,EX-10.2,https://www.sec.gov/Archives/edgar/data/776867/000144530512003293/wtm9-30x2012ex102.htm,2012-10-30,2012-776867-0001445305-12-003293-wtm9-30x2012ex102.htm,gemini-2.0-flash,Yes,Non-Life,Treaty,Proportional,Specialty
0001045829-12-000027,1045829,VANGUARD HEALTH SYSTEMS INC (CIK 0001045829),,EXHIBIT 10.3,10-Q,EX-10.3,https://www.sec.gov/Archives/edgar/data/1045829/000104582912000027/a103ahcccsamendment.htm,2012-05-03,2012-1045829-0001045829-12-000027-a103ahcccsamendment.htm,gemini-2.0-flash,Yes,Non-Life,Treaty,Non-Proportional,Specialty
0001193125-12-215322,898174,"REINSURANCE GROUP OF AMERICA INC (RGA, RZB, RZC) (CIK 0000898174)",RGA,EX-10.1,10-Q,EX-10.1,https://www.sec.gov/Archives/edgar/data/898174/000119312512215322/d342930dex101.htm,2012-05-07,2012-898174-0001193125-12-215322-d342930dex101.htm,gemini-2.0-flash,Yes,Life,NA,NA,Life
0001193125-12-343956,1042046,"AMERICAN FINANCIAL GROUP INC (AFG, AFGB, AFGC, AFGD, AFGE) (CIK 0001042046)",AFG,SALES AGREEMENT,10-Q,EX-10,https://www.sec.gov/Archives/edgar/data/1042046/000119312512343956/d360807dex10.htm,2012-08-08,2012-1042046-0001193125-12-343956-d360807dex10.htm,gemini-2.0-flash,,,,,
0001165195-12-000003,869187,BALTIA AIR LINES INC (CIK 0000869187),,10.13.2 HULL INSURANCE AGREEMENT (CORRECTED 3-2-12),10-K/A,EX-10,https://www.sec.gov/Archives/edgar/data/869187/000116519512000003/10-132JLT_InsDec2010c3.htm,2012-03-02,2012-869187-0001165195-12-000003-10-132JLT_InsDec2010c3.htm,gemini-2.0-flash,Yes,Non-Life,Facultative,Non-Proportional,Specialty
0001401521-12-000005,1401521,UNITED INSURANCE HOLDINGS CORP. (ACIC) (CIK 0001401521),ACIC,CATASTROPHE EXCESS OF LOSS REINSURANCE AGREEMENT WITH THE FLORIDA HURRICANE CATASTROPHE FUND,10-K,EX-10.12,https://www.sec.gov/Archives/edgar/data/1401521/000140152112000005/exh101231dec11.htm,2012-03-14,2012-1401521-0001401521-12-000005-exh101231dec11.htm,gemini-2.0-flash,Yes,Non-Life,Treaty,Non-Proportional,Property
0001193125-12-070408,773910,ANADARKO PETROLEUM CORP (CIK 0000773910),,CONFIDENTIAL SETTLEMENT AGREEMENT,10-K,EX-10.(XLII),https://www.sec.gov/Archives/edgar/data/773910/000119312512070408/d282676dex10xlii.htm,2012-02-21,2012-773910-0001193125-12-070408-d282676dex10xlii.htm,gemini-2.0-flash,,,,,
0001095073-12-000013,1095073,EVEREST RE GROUP LTD (EG) (CIK 0001095073),EG,CREDIT LINE AGREEMENT,10-K,EX-10.30,https://www.sec.gov/Archives/edgar/data/1095073/000109507312000013/exhibit10-30creditline.htm,2012-02-29,2012-1095073-0001095073-12-000013-exhibit10-30creditline.htm,gemini-2.0-flash,No,NA,NA,NA,NA
0001104659-12-040782,1172222,HAWAIIAN HOLDINGS INC (HA) (CIK 0001172222),HA,EX-10.68,10-K/A,EX-10.68,https://www.sec.gov/Archives/edgar/data/1172222/000110465912040782/a12-12864_1ex10d68.htm,2012-05-30,2012-1172222-0001104659-12-040782-a12-12864_1ex10d68.htm,gemini-2.0-flash,No,Non-Life,NA,NA,Specialty
0001047469-12-000763,1172222,HAWAIIAN HOLDINGS INC (HA) (CIK 0001172222),HA,EX-10.68,10-K,EX-10.68,https://www.sec.gov/Archives/edgar/data/1172222/000104746912000763/a2207106zex-10_68.htm,2012-02-09,2012-1172222-0001047469-12-000763-a2207106zex-10_68.htm,gemini-2.0-flash,Yes,Non-Life,Treaty,Proportional,Specialty
0001104659-12-024946,310826,PROTECTIVE LIFE INSURANCE CO (CIK 0000310826),,EX-10.(G),10-K/A,EX-10.(G),https://www.sec.gov/Archives/edgar/data/310826/000110465912024946/a12-9485_1ex10dg.htm,2012-04-12,2012-310826-0001104659-12-024946-a12-9485_1ex10dg.htm,gemini-2.0-flash,,,,,
0001193125-12-460028,783603,AMERICAN SAFETY INSURANCE HOLDINGS LTD (CIK 0000783603),,EX-10.1,10-Q,EX-10.1,https://www.sec.gov/Archives/edgar/data/783603/000119312512460028/d398109dex101.htm,2012-11-08,2012-783603-0001193125-12-460028-d398109dex101.htm,gemini-2.0-flash,Yes,Non-Life,Treaty,Proportional,Specialty
0001193125-12-463380,1174922,WYNN RESORTS LTD (WYNN) (CIK 0001174922),WYNN,COMMON TERMS AGREEMENT FOURTH AMENDMENT AGREEMENT,10-Q,EX-10.1,https://www.sec.gov/Archives/edgar/data/1174922/000119312512463380/d411552dex101.htm,2012-11-09,2012-1174922-0001193125-12-463380-d411552dex101.htm,gemini-2.0-flash,Yes,Non-Life,Facultative,NA,Specialty
0001047469-12-001760,355429,PROTECTIVE LIFE CORP (CIK 0000355429),,EX-10.(P),10-K,EX-10.(P),https://www.sec.gov/Archives/edgar/data/355429/000104746912001760/a2207425zex-10_p.htm,2012-02-28,2012-355429-0001047469-12-001760-a2207425zex-10_p.htm,gemini-2.0-flash,,,,,
0001165195-12-000021,869187,BALTIA AIR LINES INC (CIK 0000869187),,EXHIBIT 10.11 JLT INSURANCE BINDER SPARES AND LIABILITY,10-Q,EX-10,https://www.sec.gov/Archives/edgar/data/869187/000116519512000021/JLT_SparesLiabBinder.htm,2012-05-15,2012-869187-0001165195-12-000021-JLT_SparesLiabBinder.htm,gemini-2.0-flash,Yes,Non-Life,Treaty,Proportional,Specialty
0001104659-12-063497,1381455,Stewart & Stevenson LLC (CIK 0001381455),,EX-10.3,10-Q,EX-10.3,https://www.sec.gov/Archives/edgar/data/1381455/000110465912063497/a12-16575_1ex10d3.htm,2012-09-14,2012-1381455-0001104659-12-063497-a12-16575_1ex10d3.htm,gemini-2.0-flash,No,NA,NA,NA,NA
0001193125-12-233824,1487775,"BWAY PARENT COMPANY, INC. (CIK 0001487775)",,EX-10.1,10-Q,EX-10.1,https://www.sec.gov/Archives/edgar/data/1487775/000119312512233824/d340063dex101.htm,2012-05-15,2012-1487775-0001193125-12-233824-d340063dex101.htm,gemini-2.0-flash,No,NA,NA,NA,Specialty
0001193125-12-347956,1166380,"QUANTUM FUEL SYSTEMS TECHNOLOGIES WORLDWIDE, INC. (CIK 0001166380)",,CREDIT AGREEMENT,10-Q,EX-10.6,https://www.sec.gov/Archives/edgar/data/1166380/000119312512347956/d358338dex106.htm,2012-08-09,2012-1166380-0001193125-12-347956-d358338dex106.htm,gemini-2.0-flash,No,NA,NA,NA,Specialty
0001279363-12-000027,1279363,"WELLCARE HEALTH PLANS, INC. (CIK 0001279363)",,SETTLEMENT AGREEMENT,10-Q,EX-10.20,https://www.sec.gov/Archives/edgar/data/1279363/000127936312000027/settlement.htm,2012-05-02,2012-1279363-0001279363-12-000027-settlement.htm,gemini-2.0-flash,No,Life,NA,NA,Health
0001104659-12-012538,1165880,MONTPELIER RE HOLDINGS LTD (CIK 0001165880),,EX-10.18,10-K,EX-10.18,https://www.sec.gov/Archives/edgar/data/1165880/000110465912012538/a12-1233_1ex10d18.htm,2012-02-24,2012-1165880-0001104659-12-012538-a12-1233_1ex10d18.htm,gemini-2.0-flash,Yes,Non-Life,NA,NA,Specialty
0001193125-12-232008,1048268,INTEGRATED ELECTRICAL SERVICES INC (IESC) (CIK 0001048268),IESC,"AMENDMENT TO LOAN AND SECURITY AGREEMENT, DATED MAY 11, 2012",10-Q,EX-10.2,https://www.sec.gov/Archives/edgar/data/1048268/000119312512232008/d351050dex102.htm,2012-05-15,2012-1048268-0001193125-12-232008-d351050dex102.htm,gemini-2.0-flash,No,NA,NA,NA,NA
0001193125-12-109761,1321268,"Eastern Insurance Holdings, Inc. (CIK 0001321268)",,EXHIBIT 10.9,10-K,EX-10.9,https://www.sec.gov/Archives/edgar/data/1321268/000119312512109761/d284560dex109.htm,2012-03-12,2012-1321268-0001193125-12-109761-d284560dex109.htm,gemini-2.0-flash,Yes,Non-Life,Treaty,Proportional,Specialty
0001385613-12-000009,1385613,"GREENLIGHT CAPITAL RE, LTD. (GLRE) (CIK 0001385613)",GLRE,EXHIBIT 10.24,10-K,EX-10.24,https://www.sec.gov/Archives/edgar/data/1385613/000138561312000009/exhibit10_24.htm,2012-02-21,2012-1385613-0001385613-12-000009-exhibit10_24.htm,gemini-2.0-flash,Yes,Non-Life,NA,NA,Specialty
0001193125-12-381140,1494904,Global Indemnity plc (GBLI) (CIK 0001494904),GBLI,EMPLOYMENT AGREEMENT,10-K/A,EX-10.14,https://www.sec.gov/Archives/edgar/data/1494904/000119312512381140/d406462dex1014.htm,2012-09-05,2012-1494904-0001193125-12-381140-d406462dex1014.htm,gemini-2.0-flash,No,Non-Life,NA,NA,NA
0001193125-12-472182,108312,"Woodward, Inc. (WWD) (CIK 0000108312)",WWD,EX-10.30,10-K,EX-10.30,https://www.sec.gov/Archives/edgar/data/108312/000119312512472182/d427703dex1030.htm,2012-11-15,2012-108312-0001193125-12-472182-d427703dex1030.htm,gemini-2.0-flash,No,NA,NA,NA,NA
0001193125-12-211513,911421,PARTNERRE LTD (PREJF) (CIK 0000911421),PREJF,EMPLOYMENT AGREEMENT,10-Q,EX-10.6,https://www.sec.gov/Archives/edgar/data/911421/000119312512211513/d343029dex106.htm,2012-05-04,2012-911421-0001193125-12-211513-d343029dex106.htm,gemini-2.0-flash,Yes,Non-Life,NA,NA,Specialty
0001193125-12-346209,1140536,WILLIS GROUP HOLDINGS PLC (WTW) (CIK 0001140536),WTW,FORM OF TIME BASED SHARE OPTION AWARD AGREEMENT,10-Q,EX-10.1,https://www.sec.gov/Archives/edgar/data/1140536/000119312512346209/d352817dex101.htm,2012-08-09,2012-1140536-0001193125-12-346209-d352817dex101.htm,gemini-2.0-flash,No,Non-Life,NA,NA,Specialty
0001193125-12-346209,1140536,WILLIS GROUP HOLDINGS PLC (WTW) (CIK 0001140536),WTW,FORM OF TIME BASED RESTRICTED SHARE UNIT AWARD AGREEMENT,10-Q,EX-10.3,https://www.sec.gov/Archives/edgar/data/1140536/000119312512346209/d352817dex103.htm,2012-08-09,2012-1140536-0001193125-12-346209-d352817dex103.htm,gemini-2.0-flash,,,,,
0001193125-12-459627,1296445,"ORMAT TECHNOLOGIES, INC. (ORA) (CIK 0001296445)",ORA,"FINANCE AGREEMENT, DATED AS OF AUGUST 23, 2012",10-Q,EX-10.1,https://www.sec.gov/Archives/edgar/data/1296445/000119312512459627/d411944dex101.htm,2012-11-08,2012-1296445-0001193125-12-459627-d411944dex101.htm,gemini-2.0-flash,No,NA,NA,NA,Specialty
0001193125-12-330859,911421,PARTNERRE LTD (PREJF) (CIK 0000911421),PREJF,"EMPLOYMENT AGREEMENT EFFECTIVE AS OF OCTOBER 1, 2010",10-Q,EX-10.2,https://www.sec.gov/Archives/edgar/data/911421/000119312512330859/d383540dex102.htm,2012-08-02,2012-911421-0001193125-12-330859-d383540dex102.htm,gemini-2.0-flash,Yes,Non-Life,NA,NA,Specialty
0001104659-12-055567,923284,INLAND REAL ESTATE CORP (CIK 0000923284),,EX-10.20,10-Q,EX-10.20,https://www.sec.gov/Archives/edgar/data/923284/000110465912055567/a12-12949_1ex10d20.htm,2012-08-08,2012-923284-0001104659-12-055567-a12-12949_1ex10d20.htm,gemini-2.0-flash,No,Non-Life,NA,NA,Specialty
0001193125-12-346209,1140536,WILLIS GROUP HOLDINGS PLC (WTW) (CIK 0001140536),WTW,FORM OF PERFORMANCE BASED RESTRICTED SHARE UNIT AWARD AGREEMENT,10-Q,EX-10.4,https://www.sec.gov/Archives/edgar/data/1140536/000119312512346209/d352817dex104.htm,2012-08-09,2012-1140536-0001193125-12-346209-d352817dex104.htm,gemini-2.0-flash,No,NA,NA,NA,NA
0001385613-12-000009,1385613,"GREENLIGHT CAPITAL RE, LTD. (GLRE) (CIK 0001385613)",GLRE,EXHIBIT 10.26,10-K,EX-10.26,https://www.sec.gov/Archives/edgar/data/1385613/000138561312000009/exhibit10_26.htm,2012-02-21,2012-1385613-0001385613-12-000009-exhibit10_26.htm,gemini-2.0-flash,Yes,Non-Life,Treaty,Proportional,Specialty
0001193125-12-346209,1140536,WILLIS GROUP HOLDINGS PLC (WTW) (CIK 0001140536),WTW,FORM OF PERFORMANCE BASED SHARE OPTION AWARD AGREEMENT,10-Q,EX-10.2,https://www.sec.gov/Archives/edgar/data/1140536/000119312512346209/d352817dex102.htm,2012-08-09,2012-1140536-0001193125-12-346209-d352817dex102.htm,gemini-2.0-flash,,,,,
0001347815-12-000004,1347815,"Flagstone Reinsurance Holdings, S.A. (CIK 0001347815)",,EMPLOYMENT AGREEMENT GUY SWAYNE,10-K,EX-10.16,https://www.sec.gov/Archives/edgar/data/1347815/000134781512000004/ex1016.htm,2012-03-13,2012-1347815-0001347815-12-000004-ex1016.htm,gemini-2.0-flash,Yes,Non-Life,NA,NA,Specialty
0001347815-12-000004,1347815,"Flagstone Reinsurance Holdings, S.A. (CIK 0001347815)",,EMPLOYMENT AGREEMENT DAVID FLITMAN,10-K,EX-10.18,https://www.sec.gov/Archives/edgar/data/1347815/000134781512000004/ex1018.htm,2012-03-13,2012-1347815-0001347815-12-000004-ex1018.htm,gemini-2.0-flash,Yes,Non-Life,Treaty,Proportional,Property
0001193125-12-078497,859598,SEACOR HOLDINGS INC /NEW/ (CIK 0000859598),,EX-10.25,10-K,EX-10.25,https://www.sec.gov/Archives/edgar/data/859598/000119312512078497/d258003dex1025.htm,2012-02-24,2012-859598-0001193125-12-078497-d258003dex1025.htm,gemini-2.0-flash,No,NA,NA,NA,Specialty
0001193125-12-109359,874977,State Auto Financial CORP (CIK 0000874977),,FIRST AMENDMENT TO REINSURANCE POOLING AGREEMENT,10-K,EX-10.45,https://www.sec.gov/Archives/edgar/data/874977/000119312512109359/d260662dex1045.htm,2012-03-12,2012-874977-0001193125-12-109359-d260662dex1045.htm,gemini-2.0-flash,Yes,Non-Life,Treaty,Proportional,Specialty
0001193125-12-215322,898174,"REINSURANCE GROUP OF AMERICA INC (RGA, RZB, RZC) (CIK 0000898174)",RGA,EX-10.2,10-Q,EX-10.2,https://www.sec.gov/Archives/edgar/data/898174/000119312512215322/d342930dex102.htm,2012-05-07,2012-898174-0001193125-12-215322-d342930dex102.htm,gemini-2.0-flash,No,NA,NA,NA,NA
0001385613-12-000009,1385613,"GREENLIGHT CAPITAL RE, LTD. (GLRE) (CIK 0001385613)",GLRE,EXHIBIT 10.27,10-K,EX-10.27,https://www.sec.gov/Archives/edgar/data/1385613/000138561312000009/exhibit10_27.htm,2012-02-21,2012-1385613-0001385613-12-000009-exhibit10_27.htm,gemini-2.0-flash,Yes,Non-Life,Treaty,NA,Specialty
0001193125-12-211513,911421,PARTNERRE LTD (PREJF) (CIK 0000911421),PREJF,EMPLOYMENT AGREEMENT,10-Q,EX-10.5,https://www.sec.gov/Archives/edgar/data/911421/000119312512211513/d343029dex105.htm,2012-05-04,2012-911421-0001193125-12-211513-d343029dex105.htm,gemini-2.0-flash,No,NA,NA,NA,Specialty
0001047469-12-001096,86312,"TRAVELERS COMPANIES, INC. (TRV) (CIK 0000086312)",TRV,EX-10.45,10-K,EX-10.45,https://www.sec.gov/Archives/edgar/data/86312/000104746912001096/a2207136zex-10_45.htm,2012-02-16,2012-86312-0001047469-12-001096-a2207136zex-10_45.htm,gemini-2.0-flash,No,NA,NA,NA,NA
0001104659-12-063497,1381455,Stewart & Stevenson LLC (CIK 0001381455),,EX-10.2,10-Q,EX-10.2,https://www.sec.gov/Archives/edgar/data/1381455/000110465912063497/a12-16575_1ex10d2.htm,2012-09-14,2012-1381455-0001104659-12-063497-a12-16575_1ex10d2.htm,gemini-2.0-flash,No,NA,NA,NA,Specialty
0001193125-12-089534,723612,"AVIS BUDGET GROUP, INC. (CAR) (CIK 0000723612)",CAR,"FIRST AMENDMENT AND RESTATEMENT AGREEMENT, DATED DECEMBER 5, 2011",10-K,EX-10.89.(B),https://www.sec.gov/Archives/edgar/data/723612/000119312512089534/d268073dex1089b.htm,2012-02-29,2012-723612-0001193125-12-089534-d268073dex1089b.htm,gemini-2.0-flash,No,Non-Life,NA,NA,Specialty
0001140361-12-016007,949156,MEADOWBROOK INSURANCE GROUP INC (CIK 0000949156),,EXHIBIT 10.39,10-K,EX-10.39,https://www.sec.gov/Archives/edgar/data/949156/000114036112016007/ex10_39.htm,2012-03-15,2012-949156-0001140361-12-016007-ex10_39.htm,gemini-2.0-flash,No,Non-Life,NA,NA,Specialty
0001193125-12-070573,1491501,TMS International Corp. (CIK 0001491501),,CREDIT AGREEMENT,10-K,EX-10.1,https://www.sec.gov/Archives/edgar/data/1491501/000119312512070573/d269792dex101.htm,2012-02-21,2012-1491501-0001193125-12-070573-d269792dex101.htm,gemini-2.0-flash,No,NA,NA,NA,NA
0001193125-12-344028,723612,"AVIS BUDGET GROUP, INC. (CAR) (CIK 0000723612)",CAR,"SECOND AMENDMENT AND RESTATEMENT AGREEMENT, DATED MAY 18, 2012",10-Q,EX-10.4,https://www.sec.gov/Archives/edgar/data/723612/000119312512344028/d372112dex104.htm,2012-08-08,2012-723612-0001193125-12-344028-d372112dex104.htm,gemini-2.0-flash,No,Non-Life,Treaty,NA,Specialty
0001047469-12-001096,86312,"TRAVELERS COMPANIES, INC. (TRV) (CIK 0000086312)",TRV,EX-10.46,10-K,EX-10.46,https://www.sec.gov/Archives/edgar/data/86312/000104746912001096/a2207136zex-10_46.htm,2012-02-16,2012-86312-0001047469-12-001096-a2207136zex-10_46.htm,gemini-2.0-flash,No,NA,NA,NA,NA
0001047469-12-001160,1348259,VALIDUS HOLDINGS LTD (CIK 0001348259),,EX-10.49,10-K,EX-10.49,https://www.sec.gov/Archives/edgar/data/1348259/000104746912001160/a2207365zex-10_49.htm,2012-02-17,2012-1348259-0001047469-12-001160-a2207365zex-10_49.htm,gemini-2.0-flash,Yes,Non-Life,Treaty,Proportional,Specialty
0001193125-12-070602,1333274,MERCER INTERNATIONAL INC. (MERC) (CIK 0001333274),MERC,EXHIBIT 10.2,10-K,EX-10.2,https://www.sec.gov/Archives/edgar/data/1333274/000119312512070602/d299839dex102.htm,2012-02-21,2012-1333274-0001193125-12-070602-d299839dex102.htm,gemini-2.0-flash,No,NA,NA,NA,Specialty
0001104659-12-035985,1273813,ASSURED GUARANTY LTD (AGO) (CIK 0001273813),AGO,EX-10.8,10-Q,EX-10.8,https://www.sec.gov/Archives/edgar/data/1273813/000110465912035985/a12-7714_1ex10d8.htm,2012-05-10,2012-1273813-0001104659-12-035985-a12-7714_1ex10d8.htm,gemini-2.0-flash,Yes,Non-Life,NA,NA,Specialty
0001140361-12-015492,356130,EMC INSURANCE GROUP INC (CIK 0000356130),,EXHIBIT 10.6.4,10-K,EX-10.6.4,https://www.sec.gov/Archives/edgar/data/356130/000114036112015492/ex10_64.htm,2012-03-14,2012-356130-0001140361-12-015492-ex10_64.htm,gemini-2.0-flash,No,Non-Life,NA,NA,NA
0001064863-12-000010,1064863,AMERIGROUP CORP (CIK 0001064863),,EXHIBIT 10.1,10-Q,EX-10.1,https://www.sec.gov/Archives/edgar/data/1064863/000106486312000010/agp2012q3ex101.htm,2012-11-08,2012-1064863-0001064863-12-000010-agp2012q3ex101.htm,gemini-2.0-flash,Yes,Life,NA,NA,Health
0001104659-12-032030,899051,"ALLSTATE CORP (ALL, ALL-PB, ALL-PH, ALL-PI, ALL-PJ) (CIK 0000899051)",ALL,EX-10.6,10-Q,EX-10.6,https://www.sec.gov/Archives/edgar/data/899051/000110465912032030/a12-8030_1ex10d6.htm,2012-05-02,2012-899051-0001104659-12-032030-a12-8030_1ex10d6.htm,gemini-2.0-flash,No,NA,NA,NA,NA
0000008868-12-000063,8868,AVON PRODUCTS INC (CIK 0000008868),,LETTER WAIVER,10-Q,EX-10.6,https://www.sec.gov/Archives/edgar/data/8868/000000886812000063/a2012630-ex106.htm,2012-08-01,2012-8868-0000008868-12-000063-a2012630-ex106.htm,gemini-2.0-flash,No,NA,NA,NA,NA
0001437749-12-007616,890923,ZOLTEK COMPANIES INC (CIK 0000890923),,EXHIBIT 10.2,10-Q,EX-10.2,https://www.sec.gov/Archives/edgar/data/890923/000143774912007616/ex10-2.htm,2012-08-02,2012-890923-0001437749-12-007616-ex10-2.htm,gemini-2.0-flash,No,NA,NA,NA,Specialty
0001193125-12-070602,1333274,MERCER INTERNATIONAL INC. (MERC) (CIK 0001333274),MERC,EXHIBIT 10.1,10-K,EX-10.1,https://www.sec.gov/Archives/edgar/data/1333274/000119312512070602/d299839dex101.htm,2012-02-21,2012-1333274-0001193125-12-070602-d299839dex101.htm,gemini-2.0-flash,No,Non-Life,NA,NA,Specialty
0001047469-12-005494,714311,INTERNATIONAL LEASE FINANCE CORP (CIK 0000714311),,EX-10.4,10-Q,EX-10.4,https://www.sec.gov/Archives/edgar/data/714311/000104746912005494/a2209408zex-10_4.htm,2012-05-08,2012-714311-0001047469-12-005494-a2209408zex-10_4.htm,gemini-2.0-flash,No,Non-Life,NA,NA,Specialty
0001047469-12-002251,714311,INTERNATIONAL LEASE FINANCE CORP (CIK 0000714311),,EX-10.14,10-K,EX-10.14,https://www.sec.gov/Archives/edgar/data/714311/000104746912002251/a2207593zex-10_14.htm,2012-03-08,2012-714311-0001047469-12-002251-a2207593zex-10_14.htm,gemini-2.0-flash,,,,,
0000890926-12-000005,890926,RADIAN GROUP INC (RDN) (CIK 0000890926),RDN,RADIAN MORTGAGE ASSURANCE INC. FREDDIE MAC APPROVAL,10-K,EX-10.66,https://www.sec.gov/Archives/edgar/data/890926/000089092612000005/rdn-ex1066_20111231.htm,2012-02-29,2012-890926-0000890926-12-000005-rdn-ex1066_20111231.htm,gemini-2.0-flash,Yes,Non-Life,Treaty,Proportional,Specialty
0001193125-12-222070,1079577,STANCORP FINANCIAL GROUP INC (CIK 0001079577),,"FORM OF STANCORP FINANCIAL GROUP, INC. LONG-TERM INCENTIVE AWARD AGREEMENT",10-Q,EX-10.15,https://www.sec.gov/Archives/edgar/data/1079577/000119312512222070/d347603dex1015.htm,2012-05-09,2012-1079577-0001193125-12-222070-d347603dex1015.htm,gemini-2.0-flash,No,NA,NA,NA,NA
0001104659-12-035985,1273813,ASSURED GUARANTY LTD (AGO) (CIK 0001273813),AGO,EX-10.7,10-Q,EX-10.7,https://www.sec.gov/Archives/edgar/data/1273813/000110465912035985/a12-7714_1ex10d7.htm,2012-05-10,2012-1273813-0001104659-12-035985-a12-7714_1ex10d7.htm,gemini-2.0-flash,Yes,Non-Life,NA,NA,Specialty
0001193125-12-460479,20171,CHUBB CORP (CIK 0000020171),,"FIVE YEAR REVOLVING CREDIT AGREEMENT DATED  AS OF SEPTEMBER 24, 2012",10-Q,EX-10.1,https://www.sec.gov/Archives/edgar/data/20171/000119312512460479/d399615dex101.htm,2012-11-08,2012-20171-0001193125-12-460479-d399615dex101.htm,gemini-2.0-flash,Yes,Non-Life,NA,NA,Specialty
0001385613-12-000009,1385613,"GREENLIGHT CAPITAL RE, LTD. (GLRE) (CIK 0001385613)",GLRE,EXHIBIT 10.25,10-K,EX-10.25,https://www.sec.gov/Archives/edgar/data/1385613/000138561312000009/exhibit10_25.htm,2012-02-21,2012-1385613-0001385613-12-000009-exhibit10_25.htm,gemini-2.0-flash,Yes,Non-Life,NA,NA,Specialty
0001193125-12-337941,1127703,PROASSURANCE CORP (PRA) (CIK 0001127703),PRA,EX-10.2,10-Q,EX-10.2,https://www.sec.gov/Archives/edgar/data/1127703/000119312512337941/d353754dex102.htm,2012-08-06,2012-1127703-0001193125-12-337941-d353754dex102.htm,gemini-2.0-flash,No,Non-Life,NA,NA,Specialty
0001071739-12-000015,1071739,CENTENE CORP (CNC) (CIK 0001071739),CNC,CONTRACT AMENDMENT,10-Q,EX-10.1,https://www.sec.gov/Archives/edgar/data/1071739/000107173912000015/exhibit101.htm,2012-04-24,2012-1071739-0001071739-12-000015-exhibit101.htm,gemini-2.0-flash,Yes,Life,NA,NA,Health
0001071739-12-000061,1071739,CENTENE CORP (CNC) (CIK 0001071739),CNC,CONTRACT AMENDMENT,10-Q,EX-10.1,https://www.sec.gov/Archives/edgar/data/1071739/000107173912000061/contractamendmentq3.htm,2012-10-23,2012-1071739-0001071739-12-000061-contractamendmentq3.htm,gemini-2.0-flash,Yes,Life,Treaty,Proportional,Health
0001071739-12-000030,1071739,CENTENE CORP (CNC) (CIK 0001071739),CNC,CONTRACT AMENDMENT,10-Q,EX-10.1,https://www.sec.gov/Archives/edgar/data/1071739/000107173912000030/contractamendment.htm,2012-07-24,2012-1071739-0001071739-12-000030-contractamendment.htm,gemini-2.0-flash,Yes,Life,Treaty,Proportional,Health
0001193125-12-089119,1163348,"Allied World Assurance Co Holdings, AG (CIK 0001163348)",,"INVESTMENT MANAGEMENT  AGREEMENT, DATED AS OF SEPTEMBER 27, 2011",10-K,EX-10.48,https://www.sec.gov/Archives/edgar/data/1163348/000119312512089119/d279149dex1048.htm,2012-02-29,2012-1163348-0001193125-12-089119-d279149dex1048.htm,gemini-2.0-flash,Yes,Non-Life,NA,NA,Specialty
0001104659-12-035985,1273813,ASSURED GUARANTY LTD (AGO) (CIK 0001273813),AGO,EX-10.9,10-Q,EX-10.9,https://www.sec.gov/Archives/edgar/data/1273813/000110465912035985/a12-7714_1ex10d9.htm,2012-05-10,2012-1273813-0001104659-12-035985-a12-7714_1ex10d9.htm,gemini-2.0-flash,Yes,Non-Life,NA,NA,Specialty
0001104659-12-034478,315293,Aon plc (AON) (CIK 0000315293),AON,EX-10.15,10-Q,EX-10.15,https://www.sec.gov/Archives/edgar/data/315293/000110465912034478/a12-6844_1ex10d15.htm,2012-05-08,2012-315293-0001104659-12-034478-a12-6844_1ex10d15.htm,gemini-2.0-flash,No,NA,NA,NA,NA
0000950123-12-003543,1267395,"ASPEN INSURANCE HOLDINGS LTD (AHL-PC, AHL-PD, AHL-PE) (CIK 0001267395)",AHL.PD,EX-10.6,10-K,EX-10.6,https://www.sec.gov/Archives/edgar/data/1267395/000095012312003543/u11581exv10w6.htm,2012-02-28,2012-1267395-0000950123-12-003543-u11581exv10w6.htm,gemini-2.0-flash,Yes,Non-Life,NA,NA,Specialty
0001193125-12-337941,1127703,PROASSURANCE CORP (PRA) (CIK 0001127703),PRA,EX-10.1,10-Q,EX-10.1,https://www.sec.gov/Archives/edgar/data/1127703/000119312512337941/d353754dex101.htm,2012-08-06,2012-1127703-0001193125-12-337941-d353754dex101.htm,gemini-2.0-flash,No,Non-Life,NA,NA,Specialty
0000004977-12-000061,4977,AFLAC INC (AFL) (CIK 0000004977),AFL,EX-10.40,10-Q,EX-10.40,https://www.sec.gov/Archives/edgar/data/4977/000000497712000061/afl-6302012ex1040.htm,2012-08-03,2012-4977-0000004977-12-000061-afl-6302012ex1040.htm,gemini-2.0-flash,No,NA,NA,NA,NA
0001385613-12-000035,1385613,"GREENLIGHT CAPITAL RE, LTD. (GLRE) (CIK 0001385613)",GLRE,AMENDED CEO EMPLOYMENT AGREEMENT,10-Q,EX-10.1,https://www.sec.gov/Archives/edgar/data/1385613/000138561312000035/hedgesceoemploymentagreeme.htm,2012-07-30,2012-1385613-0001385613-12-000035-hedgesceoemploymentagreeme.htm,gemini-2.0-flash,Yes,Non-Life,Treaty,Proportional,Specialty
0001104659-12-035985,1273813,ASSURED GUARANTY LTD (AGO) (CIK 0001273813),AGO,EX-10.5,10-Q,EX-10.5,https://www.sec.gov/Archives/edgar/data/1273813/000110465912035985/a12-7714_1ex10d5.htm,2012-05-10,2012-1273813-0001104659-12-035985-a12-7714_1ex10d5.htm,gemini-2.0-flash,Yes,Non-Life,NA,NA,Specialty
0001071739-12-000006,1071739,CENTENE CORP (CNC) (CIK 0001071739),CNC,AMENDMENT #11,10-K,EX-10.1I,https://www.sec.gov/Archives/edgar/data/1071739/000107173912000006/exhibit101i.htm,2012-02-21,2012-1071739-0001071739-12-000006-exhibit101i.htm,gemini-2.0-flash,No,Life,NA,Proportional,Health
0001104659-12-056234,3453,"Matson, Inc. (MATX) (CIK 0000003453)",MATX,EX-10.4,10-Q,EX-10.4,https://www.sec.gov/Archives/edgar/data/3453/000110465912056234/a12-16487_1ex10d4.htm,2012-08-09,2012-3453-0001104659-12-056234-a12-16487_1ex10d4.htm,gemini-2.0-flash,No,NA,NA,NA,NA
0001047469-12-008600,716643,REGIS CORP (RGS) (CIK 0000716643),RGS,EX-10.(M),10-K,EX-10.(M),https://www.sec.gov/Archives/edgar/data/716643/000104746912008600/a2210831zex-10_m.htm,2012-08-29,2012-716643-0001047469-12-008600-a2210831zex-10_m.htm,gemini-2.0-flash,No,NA,NA,NA,Specialty
0000950123-12-004309,1140536,WILLIS GROUP HOLDINGS PLC (WTW) (CIK 0001140536),WTW,EX-10.45,10-K,EX-10.45,https://www.sec.gov/Archives/edgar/data/1140536/000095012312004309/u11467exv10w45.htm,2012-02-29,2012-1140536-0000950123-12-004309-u11467exv10w45.htm,gemini-2.0-flash,No,Non-Life,NA,NA,Specialty
0001104659-12-035864,1023734,"BPZ RESOURCES, INC. (CIK 0001023734)",,EX-10.4,10-Q,EX-10.4,https://www.sec.gov/Archives/edgar/data/1023734/000110465912035864/a12-8144_1ex10d4.htm,2012-05-10,2012-1023734-0001104659-12-035864-a12-8144_1ex10d4.htm,gemini-2.0-flash,No,Non-Life,NA,NA,Specialty
0001193125-12-085822,886982,"GOLDMAN SACHS GROUP INC (GS, GSCE, GS-PA, GS-PC, GS-PD) (CIK 0000886982)",GS,SIGNATURE CARD CHINA,10-K,EX-10.46,https://www.sec.gov/Archives/edgar/data/886982/000119312512085822/d276319dex1046.htm,2012-02-28,2012-886982-0001193125-12-085822-d276319dex1046.htm,gemini-2.0-flash,No,NA,NA,NA,NA
0001193125-12-211964,1363829,"Enstar Group LTD (ESGR, ESGRO, ESGRP) (CIK 0001363829)",ESGR,EMPLOYMENT AGREEMENT BETWEEN ENSTAR & NICHOLAS A. PACKER,10-Q,EX-10.3,https://www.sec.gov/Archives/edgar/data/1363829/000119312512211964/d324635dex103.htm,2012-05-04,2012-1363829-0001193125-12-211964-d324635dex103.htm,gemini-2.0-flash,Yes,Non-Life,NA,NA,Specialty
0001193125-12-078089,1064863,AMERIGROUP CORP (CIK 0001064863),,EXHIBIT 10.18,10-K,EX-10.18,https://www.sec.gov/Archives/edgar/data/1064863/000119312512078089/d257208dex1018.htm,2012-02-24,2012-1064863-0001193125-12-078089-d257208dex1018.htm,gemini-2.0-flash,Yes,Life,Treaty,Proportional,Health
0001104659-12-034478,315293,Aon plc (AON) (CIK 0000315293),AON,EX-10.13,10-Q,EX-10.13,https://www.sec.gov/Archives/edgar/data/315293/000110465912034478/a12-6844_1ex10d13.htm,2012-05-08,2012-315293-0001104659-12-034478-a12-6844_1ex10d13.htm,gemini-2.0-flash,No,NA,NA,NA,NA
0001104659-12-035985,1273813,ASSURED GUARANTY LTD (AGO) (CIK 0001273813),AGO,EX-10.10,10-Q,EX-10.10,https://www.sec.gov/Archives/edgar/data/1273813/000110465912035985/a12-7714_1ex10d10.htm,2012-05-10,2012-1273813-0001104659-12-035985-a12-7714_1ex10d10.htm,gemini-2.0-flash,Yes,Non-Life,Treaty,Proportional,Specialty
0001064863-12-000007,1064863,AMERIGROUP CORP (CIK 0001064863),,EXHIBIT 10.2,10-Q,EX-10.2,https://www.sec.gov/Archives/edgar/data/1064863/000106486312000007/agp2012q2ex102.htm,2012-08-03,2012-1064863-0001064863-12-000007-agp2012q2ex102.htm,gemini-2.0-flash,Yes,Life,Treaty,Proportional,Health
0001193125-12-211964,1363829,"Enstar Group LTD (ESGR, ESGRO, ESGRP) (CIK 0001363829)",ESGR,AMENDED & RESTATED EMPLOYMENT AGREE. BETWEEN ENSTAR & DOMINIC F. SILVESTER,10-Q,EX-10.1,https://www.sec.gov/Archives/edgar/data/1363829/000119312512211964/d324635dex101.htm,2012-05-04,2012-1363829-0001193125-12-211964-d324635dex101.htm,gemini-2.0-flash,No,NA,NA,NA,Specialty
0001193125-12-211964,1363829,"Enstar Group LTD (ESGR, ESGRO, ESGRP) (CIK 0001363829)",ESGR,EMPLOYMENT AGREEMENT BETWEEN ENSTAR & RICHARD J. HARRIS,10-Q,EX-10.4,https://www.sec.gov/Archives/edgar/data/1363829/000119312512211964/d324635dex104.htm,2012-05-04,2012-1363829-0001193125-12-211964-d324635dex104.htm,gemini-2.0-flash,Yes,Non-Life,NA,NA,Specialty
0001193125-12-211964,1363829,"Enstar Group LTD (ESGR, ESGRO, ESGRP) (CIK 0001363829)",ESGR,AMENDED & RESTATED EMPLOYMENT AGREE. BETWEEN COMPANY  & PAUL J. O'SHEA,10-Q,EX-10.2,https://www.sec.gov/Archives/edgar/data/1363829/000119312512211964/d324635dex102.htm,2012-05-04,2012-1363829-0001193125-12-211964-d324635dex102.htm,gemini-2.0-flash,Yes,Non-Life,NA,NA,Specialty
0001193125-12-087802,1011657,TITANIUM METALS CORP (CIK 0001011657),,"U.S. $200M FINANCING AGREEMENT DATED FEBRUARY 28, 2012",10-K,EX-10.2,https://www.sec.gov/Archives/edgar/data/1011657/000119312512087802/d228252dex102.htm,2012-02-29,2012-1011657-0001193125-12-087802-d228252dex102.htm,gemini-2.0-flash,,,,,
0001193125-12-470503,1299969,"Comstock Holding Companies, Inc. (CHCI) (CIK 0001299969)",CHCI,EX-10.72,10-Q,EX-10.72,https://www.sec.gov/Archives/edgar/data/1299969/000119312512470503/d398696dex1072.htm,2012-11-14,2012-1299969-0001193125-12-470503-d398696dex1072.htm,gemini-2.0-flash,No,Non-Life,NA,NA,Specialty
0001193125-12-085822,886982,"GOLDMAN SACHS GROUP INC (GS, GSCE, GS-PA, GS-PC, GS-PD) (CIK 0000886982)",GS,SIGNATURE CARD ASIA,10-K,EX-10.45,https://www.sec.gov/Archives/edgar/data/886982/000119312512085822/d276319dex1045.htm,2012-02-28,2012-886982-0001193125-12-085822-d276319dex1045.htm,gemini-2.0-flash,No,NA,NA,NA,NA
0001193125-12-215471,775368,ALLEGHANY CORP /DE (CIK 0000775368),Y,LETTER AGREEMENT,10-Q,EX-10.2,https://www.sec.gov/Archives/edgar/data/775368/000119312512215471/d320282dex102.htm,2012-05-07,2012-775368-0001193125-12-215471-d320282dex102.htm,gemini-2.0-flash,Yes,Non-Life,Treaty,NA,Specialty
0001193125-12-211513,911421,PARTNERRE LTD (PREJF) (CIK 0000911421),PREJF,EMPLOYMENT AGREEMENT,10-Q,EX-10.3,https://www.sec.gov/Archives/edgar/data/911421/000119312512211513/d343029dex103.htm,2012-05-04,2012-911421-0001193125-12-211513-d343029dex103.htm,gemini-2.0-flash,Yes,NA,NA,NA,NA
0001193125-12-460445,1363829,"Enstar Group LTD (ESGR, ESGRO, ESGRP) (CIK 0001363829)",ESGR,AMENDMENT LETTER,10-Q,EX-10.1,https://www.sec.gov/Archives/edgar/data/1363829/000119312512460445/d417293dex101.htm,2012-11-08,2012-1363829-0001193125-12-460445-d417293dex101.htm,gemini-2.0-flash,No,NA,NA,NA,NA
0001193125-12-222179,1163348,"Allied World Assurance Co Holdings, AG (CIK 0001163348)",,"AMENDED AND RESTATED EMPLOYMENT AGREEMENT, JOHN R. BENDER",10-Q,EX-10.1,https://www.sec.gov/Archives/edgar/data/1163348/000119312512222179/d326647dex101.htm,2012-05-09,2012-1163348-0001193125-12-222179-d326647dex101.htm,gemini-2.0-flash,Yes,Non-Life,NA,NA,Specialty
0001193125-12-211513,911421,PARTNERRE LTD (PREJF) (CIK 0000911421),PREJF,EMPLOYMENT AGREEMENT,10-Q,EX-10.2,https://www.sec.gov/Archives/edgar/data/911421/000119312512211513/d343029dex102.htm,2012-05-04,2012-911421-0001193125-12-211513-d343029dex102.htm,gemini-2.0-flash,No,NA,NA,NA,NA
0001104659-12-032030,899051,"ALLSTATE CORP (ALL, ALL-PB, ALL-PH, ALL-PI, ALL-PJ) (CIK 0000899051)",ALL,EX-10.2,10-Q,EX-10.2,https://www.sec.gov/Archives/edgar/data/899051/000110465912032030/a12-8030_1ex10d2.htm,2012-05-02,2012-899051-0001104659-12-032030-a12-8030_1ex10d2.htm,gemini-2.0-flash,No,NA,NA,NA,NA
0001104659-12-005083,1286964,"Heron Lake BioEnergy, LLC (CIK 0001286964)",,EX-10.40,10-K,EX-10.40,https://www.sec.gov/Archives/edgar/data/1286964/000110465912005083/a11-29697_1ex10d40.htm,2012-01-30,2012-1286964-0001104659-12-005083-a11-29697_1ex10d40.htm,gemini-2.0-flash,No,Non-Life,NA,NA,Specialty
0001047469-12-005494,714311,INTERNATIONAL LEASE FINANCE CORP (CIK 0000714311),,EX-10.3,10-Q,EX-10.3,https://www.sec.gov/Archives/edgar/data/714311/000104746912005494/a2209408zex-10_3.htm,2012-05-08,2012-714311-0001047469-12-005494-a2209408zex-10_3.htm,gemini-2.0-flash,No,Non-Life,NA,NA,Specialty
0001047469-12-002251,714311,INTERNATIONAL LEASE FINANCE CORP (CIK 0000714311),,EX-10.13,10-K,EX-10.13,https://www.sec.gov/Archives/edgar/data/714311/000104746912002251/a2207593zex-10_13.htm,2012-03-08,2012-714311-0001047469-12-002251-a2207593zex-10_13.htm,gemini-2.0-flash,No,NA,NA,NA,Specialty
0001104659-12-032030,899051,"ALLSTATE CORP (ALL, ALL-PB, ALL-PH, ALL-PI, ALL-PJ) (CIK 0000899051)",ALL,EX-10.4,10-Q,EX-10.4,https://www.sec.gov/Archives/edgar/data/899051/000110465912032030/a12-8030_1ex10d4.htm,2012-05-02,2012-899051-0001104659-12-032030-a12-8030_1ex10d4.htm,gemini-2.0-flash,No,Non-Life,NA,NA,NA
0001104659-12-034478,315293,Aon plc (AON) (CIK 0000315293),AON,EX-10.8,10-Q,EX-10.8,https://www.sec.gov/Archives/edgar/data/315293/000110465912034478/a12-6844_1ex10d8.htm,2012-05-08,2012-315293-0001104659-12-034478-a12-6844_1ex10d8.htm,gemini-2.0-flash,Yes,NA,NA,NA,Specialty
0001193125-12-089393,79282,BROWN & BROWN INC (BRO) (CIK 0000079282),BRO,ARROWHEAD MERGER AGREEMENT,10-K,EX-10.16,https://www.sec.gov/Archives/edgar/data/79282/000119312512089393/d233092dex1016.htm,2012-02-29,2012-79282-0001193125-12-089393-d233092dex1016.htm,gemini-2.0-flash,Yes,Non-Life,Treaty,Proportional,Specialty
0001193125-12-089393,79282,BROWN & BROWN INC (BRO) (CIK 0000079282),BRO,EMPLOYMENT AGREEMENT,10-K,EX-10.4(E),https://www.sec.gov/Archives/edgar/data/79282/000119312512089393/d233092dex104e.htm,2012-02-29,2012-79282-0001193125-12-089393-d233092dex104e.htm,gemini-2.0-flash,No,Non-Life,NA,NA,Specialty
0000890926-12-000005,890926,RADIAN GROUP INC (RDN) (CIK 0000890926),RDN,RADIAN MORTGAGE ASSURANCE INC. FANNIE MAE APPROVAL,10-K,EX-10.65,https://www.sec.gov/Archives/edgar/data/890926/000089092612000005/rdn-ex1065_20111231.htm,2012-02-29,2012-890926-0000890926-12-000005-rdn-ex1065_20111231.htm,gemini-2.0-flash,Yes,Non-Life,Treaty,Proportional,Specialty
0001193125-12-513105,1299969,"Comstock Holding Companies, Inc. (CHCI) (CIK 0001299969)",CHCI,EXHIBIT 10.72,10-Q/A,EX-10.72,https://www.sec.gov/Archives/edgar/data/1299969/000119312512513105/d456798dex1072.htm,2012-12-21,2012-1299969-0001193125-12-513105-d456798dex1072.htm,gemini-2.0-flash,No,Non-Life,NA,NA,Specialty
0000861459-12-000043,861459,GRANITE CONSTRUCTION INC (GVA) (CIK 0000861459),GVA,EXHIBIT 10.7,10-Q,EX-10.7,https://www.sec.gov/Archives/edgar/data/861459/000086145912000043/ex107-gvax9302012q3.htm,2012-11-07,2012-861459-0000861459-12-000043-ex107-gvax9302012q3.htm,gemini-2.0-flash,No,NA,NA,NA,NA
0001104659-12-032030,899051,"ALLSTATE CORP (ALL, ALL-PB, ALL-PH, ALL-PI, ALL-PJ) (CIK 0000899051)",ALL,EX-10.3,10-Q,EX-10.3,https://www.sec.gov/Archives/edgar/data/899051/000110465912032030/a12-8030_1ex10d3.htm,2012-05-02,2012-899051-0001104659-12-032030-a12-8030_1ex10d3.htm,gemini-2.0-flash,No,NA,NA,NA,NA
0000930413-12-004388,875159,XL GROUP PLC (CIK 0000875159),,,10-Q,EX-10.2,https://www.sec.gov/Archives/edgar/data/875159/000093041312004388/c70552_ex10-2.htm,2012-08-08,2012-875159-0000930413-12-004388-c70552_ex10-2.htm,gemini-2.0-flash,No,NA,NA,NA,NA
0001104659-12-013263,922621,ERIE INDEMNITY CO (ERIE) (CIK 0000922621),ERIE,EX-10.139,10-K,EX-10.139,https://www.sec.gov/Archives/edgar/data/922621/000110465912013263/a11-32394_1ex10d139.htm,2012-02-27,2012-922621-0001104659-12-013263-a11-32394_1ex10d139.htm,gemini-2.0-flash,,,,,
0000885590-12-000070,885590,"Valeant Pharmaceuticals International, Inc. (BHC) (CIK 0000885590)",BHC,EXHIBIT 10.1,10-Q,EX-10.1,https://www.sec.gov/Archives/edgar/data/885590/000088559012000070/exhibit101.htm,2012-11-05,2012-885590-0000885590-12-000070-exhibit101.htm,gemini-2.0-flash,No,NA,NA,NA,NA
0001144204-12-058686,1289790,Macquarie Infrastructure CO LLC (CIK 0001289790),,EXHIBIT 10.1,10-Q,EX-10.1,https://www.sec.gov/Archives/edgar/data/1289790/000114420412058686/v325634_ex10-1.htm,2012-10-31,2012-1289790-0001144204-12-058686-v325634_ex10-1.htm,gemini-2.0-flash,,,,,
0001193125-12-089404,1179929,MOLINA HEALTHCARE INC (MOH) (CIK 0001179929),MOH,EX-10.21,10-K,EX-10.21,https://www.sec.gov/Archives/edgar/data/1179929/000119312512089404/d267577dex1021.htm,2012-02-29,2012-1179929-0001193125-12-089404-d267577dex1021.htm,gemini-2.0-flash,No,NA,NA,NA,NA
0001193125-12-065358,1069202,LENNOX INTERNATIONAL INC (LII) (CIK 0001069202),LII,FOURTH AMENDED AND RESTATED REVOLVING CREDIT FACILITY AGREEMENT,10-K,EX-10.2,https://www.sec.gov/Archives/edgar/data/1069202/000119312512065358/d259633dex102.htm,2012-02-16,2012-1069202-0001193125-12-065358-d259633dex102.htm,gemini-2.0-flash,No,NA,NA,NA,NA
0001193125-12-107334,1068875,INFOSPACE INC (CIK 0001068875),BCOR,CREDIT AGREEMENT,10-K,EX-10.45,https://www.sec.gov/Archives/edgar/data/1068875/000119312512107334/d304720dex1045.htm,2012-03-09,2012-1068875-0001193125-12-107334-d304720dex1045.htm,gemini-2.0-flash,No,NA,NA,NA,NA
0001193125-12-470647,1320947,Diamond Foods Inc (CIK 0001320947),,CREDIT AGREEMENT,10-K/A,EX-10.20,https://www.sec.gov/Archives/edgar/data/1320947/000119312512470647/d438164dex1020.htm,2012-11-14,2012-1320947-0001193125-12-470647-d438164dex1020.htm,gemini-2.0-flash,No,NA,NA,NA,NA
0001144204-12-062891,1310383,"Cornerstone Core Properties REIT, Inc. (CIK 0001310383)",,EXHIBIT 10.7,10-Q,EX-10.7,https://www.sec.gov/Archives/edgar/data/1310383/000114420412062891/v325998_ex10-7.htm,2012-11-14,2012-1310383-0001144204-12-062891-v325998_ex10-7.htm,gemini-2.0-flash,Yes,Non-Life,NA,NA,Specialty
0001193125-12-225964,1175454,FLEETCOR TECHNOLOGIES INC (CPAY) (CIK 0001175454),CPAY,EX-10.1,10-Q,EX-10.1,https://www.sec.gov/Archives/edgar/data/1175454/000119312512225964/d330922dex101.htm,2012-05-10,2012-1175454-0001193125-12-225964-d330922dex101.htm,gemini-2.0-flash,No,NA,NA,NA,NA
0001193125-12-123469,1524741,"U.S. SILICA HOLDINGS, INC. (CIK 0001524741)",SLCA,AMENDMENT NO. 1 TO SECOND AMENDMENT AND RESTATED CREDIT AGREEMENT,10-K,EX-10.7,https://www.sec.gov/Archives/edgar/data/1524741/000119312512123469/d316539dex107.htm,2012-03-20,2012-1524741-0001193125-12-123469-d316539dex107.htm,gemini-2.0-flash,No,NA,NA,NA,NA
0000070502-12-000031,70502,NATIONAL RURAL UTILITIES COOPERATIVE FINANCE CORP /DC/ (NRUC) (CIK 0000070502),NRUC,"REVOLVING CREDIT AGREEMENT - OCT.21,2016",10-Q,EX-10.2,https://www.sec.gov/Archives/edgar/data/70502/000007050212000031/exhibit10_2.htm,2012-01-17,2012-70502-0000070502-12-000031-exhibit10_2.htm,gemini-2.0-flash,,,,,
0000070502-12-000031,70502,NATIONAL RURAL UTILITIES COOPERATIVE FINANCE CORP /DC/ (NRUC) (CIK 0000070502),NRUC,"REVOLVING CREDIT AGREEMENT - OCT.21,2015",10-Q,EX-10.1,https://www.sec.gov/Archives/edgar/data/70502/000007050212000031/exhibit10_1.htm,2012-01-17,2012-70502-0000070502-12-000031-exhibit10_1.htm,gemini-2.0-flash,No,NA,NA,NA,NA
0001193125-12-078100,18169,DOLE FOOD CO INC (CIK 0000018169),,CREDIT AGREEMENT,10-Q/A,EX-10.1,https://www.sec.gov/Archives/edgar/data/18169/000119312512078100/d303103dex101.htm,2012-02-24,2012-18169-0001193125-12-078100-d303103dex101.htm,gemini-2.0-flash,No,NA,NA,NA,NA
0001193125-12-347642,1066104,CORPORATE EXECUTIVE BOARD CO (CIK 0001066104),,EX-10.2,10-Q,EX-10.2,https://www.sec.gov/Archives/edgar/data/1066104/000119312512347642/d356617dex102.htm,2012-08-09,2012-1066104-0001193125-12-347642-d356617dex102.htm,gemini-2.0-flash,,,,,
0001193125-12-260305,1405621,"NGA Holdco, LLC (CIK 0001405621)",,"CREDIT AGREEMENT, DATED AS OF JUNE 1, 2011",10-K,EX-10.66,https://www.sec.gov/Archives/edgar/data/1405621/000119312512260305/d285073dex1066.htm,2012-06-05,2012-1405621-0001193125-12-260305-d285073dex1066.htm,gemini-2.0-flash,No,NA,NA,NA,Specialty
0001193125-12-082659,1297996,"Digital Realty Trust, Inc. (DLR, DLR-PJ, DLR-PK, DLR-PL) (CIK 0001297996)",DLR,AMENDED AND RESTATED NOTE PURCHASE AND PRIVATE SHELF AGREEMENT,10-K,EX-10.12,https://www.sec.gov/Archives/edgar/data/1297996/000119312512082659/d263690dex1012.htm,2012-02-28,2012-1297996-0001193125-12-082659-d263690dex1012.htm,gemini-2.0-flash,No,NA,NA,NA,Specialty
0001144204-12-059062,1418819,Iridium Communications Inc. (IRDM) (CIK 0001418819),IRDM,EXHIBIT 10.5,10-Q,EX-10.5,https://www.sec.gov/Archives/edgar/data/1418819/000114420412059062/v325456_ex10-5.htm,2012-11-02,2012-1418819-0001144204-12-059062-v325456_ex10-5.htm,gemini-2.0-flash,Yes,Non-Life,Treaty,Proportional,Specialty
0001193125-12-347642,1066104,CORPORATE EXECUTIVE BOARD CO (CIK 0001066104),,EX-10.3,10-Q,EX-10.3,https://www.sec.gov/Archives/edgar/data/1066104/000119312512347642/d356617dex103.htm,2012-08-09,2012-1066104-0001193125-12-347642-d356617dex103.htm,gemini-2.0-flash,No,NA,NA,NA,NA
0001188112-12-002434,891482,FULL HOUSE RESORTS INC (FLL) (CIK 0000891482),FLL,EXHIBIT 10.1,10-Q,EX-10.1,https://www.sec.gov/Archives/edgar/data/891482/000118811212002434/ex10-1.htm,2012-08-09,2012-891482-0001188112-12-002434-ex10-1.htm,gemini-2.0-flash,,,,,
0001104659-12-076069,1479094,"STAG Industrial, Inc. (STAG) (CIK 0001479094)",STAG,EX-10.1,10-Q,EX-10.1,https://www.sec.gov/Archives/edgar/data/1479094/000110465912076069/a12-20071_1ex10d1.htm,2012-11-08,2012-1479094-0001104659-12-076069-a12-20071_1ex10d1.htm,gemini-2.0-flash,No,NA,NA,NA,Property
0001193125-12-222179,1163348,"Allied World Assurance Co Holdings, AG (CIK 0001163348)",,FORM OF PERFORMANCE-BASED COMPENSATION AWARD AGREEMENT,10-Q,EX-10.7,https://www.sec.gov/Archives/edgar/data/1163348/000119312512222179/d326647dex107.htm,2012-05-09,2012-1163348-0001193125-12-222179-d326647dex107.htm,gemini-2.0-flash,Yes,Non-Life,NA,NA,Specialty
0001193125-12-222179,1163348,"Allied World Assurance Co Holdings, AG (CIK 0001163348)",,FORM OF RSU AWARD AGREEMENT,10-Q,EX-10.6,https://www.sec.gov/Archives/edgar/data/1163348/000119312512222179/d326647dex106.htm,2012-05-09,2012-1163348-0001193125-12-222179-d326647dex106.htm,gemini-2.0-flash,No,NA,NA,NA,NA
0001193125-12-242019,793306,BLUE DOLPHIN ENERGY CO (BDCO) (CIK 0000793306),BDCO,"LOAN AGREEMENT DATED SEPTEMBER 29, 2008",10-Q,EX-10.1,https://www.sec.gov/Archives/edgar/data/793306/000119312512242019/d348276dex101.htm,2012-05-21,2012-793306-0001193125-12-242019-d348276dex101.htm,gemini-2.0-flash,No,NA,NA,NA,NA
0001193125-12-089404,1179929,MOLINA HEALTHCARE INC (MOH) (CIK 0001179929),MOH,EX-10.18,10-K,EX-10.18,https://www.sec.gov/Archives/edgar/data/1179929/000119312512089404/d267577dex1018.htm,2012-02-29,2012-1179929-0001193125-12-089404-d267577dex1018.htm,gemini-2.0-flash,No,NA,NA,NA,NA
0001144204-12-014190,714395,"GERMAN AMERICAN BANCORP, INC. (GABC) (CIK 0000714395)",GABC,EXHIBIT 10.20,10-K,EX-10.20,https://www.sec.gov/Archives/edgar/data/714395/000114420412014190/v304017_ex10-20.htm,2012-03-12,2012-714395-0001144204-12-014190-v304017_ex10-20.htm,gemini-2.0-flash,,,,,
0001193125-12-055072,32776,EMPIRE STATE BUILDING ASSOCIATES L.L.C. (CIK 0000032776),,EXHIBIT 10.2,10-Q,EX-10.2,https://www.sec.gov/Archives/edgar/data/32776/000119312512055072/d293737dex102.htm,2012-02-13,2012-32776-0001193125-12-055072-d293737dex102.htm,gemini-2.0-flash,No,NA,NA,NA,NA
0001140361-12-007080,1125920,SHUTTERFLY INC (CIK 0001125920),,EXHIBIT 10.25,10-K,EX-10.25,https://www.sec.gov/Archives/edgar/data/1125920/000114036112007080/ex10_25.htm,2012-02-13,2012-1125920-0001140361-12-007080-ex10_25.htm,gemini-2.0-flash,No,NA,NA,NA,NA
0001140361-12-015567,96763,PULSE ELECTRONICS CORP (CIK 0000096763),,EXHIBIT 10.55,10-K,EX-10.55,https://www.sec.gov/Archives/edgar/data/96763/000114036112015567/ex10-5_5.htm,2012-03-14,2012-96763-0001140361-12-015567-ex10-5_5.htm,gemini-2.0-flash,No,NA,NA,NA,NA
0001193125-12-211513,911421,PARTNERRE LTD (PREJF) (CIK 0000911421),PREJF,EMPLOYMENT AGREEMENT,10-Q,EX-10.4,https://www.sec.gov/Archives/edgar/data/911421/000119312512211513/d343029dex104.htm,2012-05-04,2012-911421-0001193125-12-211513-d343029dex104.htm,gemini-2.0-flash,Yes,Non-Life,NA,NA,Specialty
0001193125-12-077514,911421,PARTNERRE LTD (PREJF) (CIK 0000911421),PREJF,EMPLOYMENT AGREEMENT,10-K,EX-10.17,https://www.sec.gov/Archives/edgar/data/911421/000119312512077514/d304356dex1017.htm,2012-02-24,2012-911421-0001193125-12-077514-d304356dex1017.htm,gemini-2.0-flash,Yes,Non-Life,NA,NA,Specialty
0001193125-12-043484,94845,LEVI STRAUSS & CO (LEVI) (CIK 0000094845),LEVI,CREDIT AGREEMENT,10-K,EX-10.22,https://www.sec.gov/Archives/edgar/data/94845/000119312512043484/d291321dex1022.htm,2012-02-07,2012-94845-0001193125-12-043484-d291321dex1022.htm,gemini-2.0-flash,,,,,
0001047469-12-001631,1065865,JANUS CAPITAL GROUP INC (CIK 0001065865),,EX-10.4,10-K,EX-10.4,https://www.sec.gov/Archives/edgar/data/1065865/000104746912001631/a2207450zex-10_4.htm,2012-02-27,2012-1065865-0001047469-12-001631-a2207450zex-10_4.htm,gemini-2.0-flash,No,NA,NA,NA,NA
0001445305-12-002263,1298946,"DiamondRock Hospitality Co (DRH, DRH-PA) (CIK 0001298946)",DRH,EXHIBIT 10.1,10-Q,EX-10.1,https://www.sec.gov/Archives/edgar/data/1298946/000144530512002263/drh_exhibit101x6152012.htm,2012-07-25,2012-1298946-0001445305-12-002263-drh_exhibit101x6152012.htm,gemini-2.0-flash,,,,,
0001096906-12-001020,1042784,GOLDEN PHOENIX MINERALS INC (CIK 0001042784),,"SENIOR SECURED GOLD STREAM CREDIT AGREEMENT BETWEEN THE COMPANY AND WATERTON GLOBAL VALUE, L.P., DATED SEPTEMBER 26, 2011.",10-Q/A,EX-10.10,https://www.sec.gov/Archives/edgar/data/1042784/000109690612001020/ex10-10.htm,2012-04-23,2012-1042784-0001096906-12-001020-ex10-10.htm,gemini-2.0-flash,No,Non-Life,NA,NA,Specialty
0001193125-12-129759,1367832,AURORA DIAGNOSTICS HOLDINGS LLC (CIK 0001367832),,EX-10.2,10-K,EX-10.2,https://www.sec.gov/Archives/edgar/data/1367832/000119312512129759/d280216dex102.htm,2012-03-23,2012-1367832-0001193125-12-129759-d280216dex102.htm,gemini-2.0-flash,No,NA,NA,NA,Specialty
0001096906-12-000568,1042784,GOLDEN PHOENIX MINERALS INC (CIK 0001042784),,"SENIOR SECURED GOLD STREAM CREDIT AGREEMENT BETWEEN THE COMPANY AND WATERTON GLOBAL VALUE, L.P., DATED SEPTEMBER 26, 2011",10-Q/A,EX-10.10,https://www.sec.gov/Archives/edgar/data/1042784/000109690612000568/ex10-10.htm,2012-03-19,2012-1042784-0001096906-12-000568-ex10-10.htm,gemini-2.0-flash,No,NA,NA,NA,Specialty
0001445305-12-000641,1422105,Noranda Aluminum Holding CORP (CIK 0001422105),,TERM CREDIT AGREEMENT,10-K,EX-10.3,https://www.sec.gov/Archives/edgar/data/1422105/000144530512000641/nor20111231ex-103.htm,2012-03-12,2012-1422105-0001445305-12-000641-nor20111231ex-103.htm,gemini-2.0-flash,No,NA,NA,NA,NA
0001193125-12-067181,1122976,POLYONE CORP (AVNT) (CIK 0001122976),AVNT,EX-10.1,10-K,EX-10.1,https://www.sec.gov/Archives/edgar/data/1122976/000119312512067181/d263168dex101.htm,2012-02-17,2012-1122976-0001193125-12-067181-d263168dex101.htm,gemini-2.0-flash,No,NA,NA,NA,NA
0001193125-12-108324,800457,"DONEGAL GROUP INC (DGICA, DGICB) (CIK 0000800457)",DGICA,CREDIT AGREEMENT,10-K,EX-10.33,https://www.sec.gov/Archives/edgar/data/800457/000119312512108324/d277711dex1033.htm,2012-03-12,2012-800457-0001193125-12-108324-d277711dex1033.htm,gemini-2.0-flash,No,Non-Life,NA,NA,Specialty
0001445305-12-000641,1422105,Noranda Aluminum Holding CORP (CIK 0001422105),,ABL CREDIT AGREEMENT,10-K,EX-10.1,https://www.sec.gov/Archives/edgar/data/1422105/000144530512000641/nor20111231ex10-1.htm,2012-03-12,2012-1422105-0001445305-12-000641-nor20111231ex10-1.htm,gemini-2.0-flash,No,NA,NA,NA,Specialty
0001193125-12-067181,1122976,POLYONE CORP (AVNT) (CIK 0001122976),AVNT,EX-10.2,10-K,EX-10.2,https://www.sec.gov/Archives/edgar/data/1122976/000119312512067181/d263168dex102.htm,2012-02-17,2012-1122976-0001193125-12-067181-d263168dex102.htm,gemini-2.0-flash,No,NA,NA,NA,NA
0001144204-12-062891,1310383,"Cornerstone Core Properties REIT, Inc. (CIK 0001310383)",,EXHIBIT 10.8,10-Q,EX-10.8,https://www.sec.gov/Archives/edgar/data/1310383/000114420412062891/v325998_ex10-8.htm,2012-11-14,2012-1310383-0001144204-12-062891-v325998_ex10-8.htm,gemini-2.0-flash,,,,,
0001467858-12-000070,1467858,General Motors Co (GM) (CIK 0001467858),GM,PRUDENTIAL AGREEMENT,10-Q/A,EX-10.1,https://www.sec.gov/Archives/edgar/data/1467858/000146785812000070/ex-101x0630201210xqa.htm,2012-11-16,2012-1467858-0001467858-12-000070-ex-101x0630201210xqa.htm,gemini-2.0-flash,Yes,Life,Treaty,Proportional,Specialty
0001341141-12-000058,1341141,"Wells Timberland REIT, Inc. (CIK 0001341141)",CTT,SECOND AMENDED AND RESTATED CREDIT AGREEMENT,10-Q,EX-10.1,https://www.sec.gov/Archives/edgar/data/1341141/000134114112000058/exhibit101secondamendedand.htm,2012-11-06,2012-1341141-0001341141-12-000058-exhibit101secondamendedand.htm,gemini-2.0-flash,No,NA,NA,NA,Specialty
0001467858-12-000047,1467858,General Motors Co (GM) (CIK 0001467858),GM,PRUDENTIAL AGREEMENT,10-Q,EX-10.1,https://www.sec.gov/Archives/edgar/data/1467858/000146785812000047/ex-101x06302012a.htm,2012-08-03,2012-1467858-0001467858-12-000047-ex-101x06302012a.htm,gemini-2.0-flash,Yes,Life,Treaty,Proportional,Specialty
0001445305-12-000790,1330622,"KBS Real Estate Investment Trust, Inc. (CIK 0001330622)",,LOAN AND SECURITY AGREEMENT (BBD2),10-K,EX-10.23,https://www.sec.gov/Archives/edgar/data/1330622/000144530512000790/riq42011exhibit1023.htm,2012-03-26,2012-1330622-0001445305-12-000790-riq42011exhibit1023.htm,gemini-2.0-flash,No,NA,NA,NA,Specialty
0001499875-12-000008,1499875,AMERICAN REALTY CAPITAL HEALTHCARE TRUST INC (CIK 0001499875),,"SENIOR SECURED REVOLVING CREDIT AGREEMENT, DATED AS OF MAY 25, 2012 BY AND AMONG AMERICAN REALTY CAPITAL HEALTHCARE TRUST OPERATING PARTNERSHIP, L.P., KEYBANK NATIONAL ASSOCIATION, THE OTHER LENDERS NAMED THERETO AND KEYBANK CAPITAL MARKETS",10-Q,EX-10.18,https://www.sec.gov/Archives/edgar/data/1499875/000149987512000008/ex1018.htm,2012-08-06,2012-1499875-0001499875-12-000008-ex1018.htm,gemini-2.0-flash,No,NA,NA,NA,Specialty
0001193125-12-433838,1095996,WILLIAM LYON HOMES (CIK 0001095996),,CONSTRUCTION LOAN AGREEMENT,10-Q,EX-10.2,https://www.sec.gov/Archives/edgar/data/1095996/000119312512433838/d425414dex102.htm,2012-10-25,2012-1095996-0001193125-12-433838-d425414dex102.htm,gemini-2.0-flash,No,Non-Life,NA,NA,Specialty
0001193125-12-433838,1095996,WILLIAM LYON HOMES (CIK 0001095996),,CONSTRUCTION LOAN AGREEMENT,10-Q,EX-10.1,https://www.sec.gov/Archives/edgar/data/1095996/000119312512433838/d425414dex101.htm,2012-10-25,2012-1095996-0001193125-12-433838-d425414dex101.htm,gemini-2.0-flash,No,NA,NA,NA,Specialty
0001193125-12-089462,1498828,Howard Hughes Corp (CIK 0001498828),HHC,SECOND AMENDED AND RESTATED MASTER CREDIT AGREEMENT,10-K,EX-10.30,https://www.sec.gov/Archives/edgar/data/1498828/000119312512089462/d304716dex1030.htm,2012-02-29,2012-1498828-0001193125-12-089462-d304716dex1030.htm,gemini-2.0-flash,No,NA,NA,NA,Specialty
0001193125-12-186289,931148,GRAFTECH INTERNATIONAL LTD (EAF) (CIK 0000931148),EAF,EX-10.1,10-Q,EX-10.1,https://www.sec.gov/Archives/edgar/data/931148/000119312512186289/d331275dex101.htm,2012-04-26,2012-931148-0001193125-12-186289-d331275dex101.htm,gemini-2.0-flash,,,,,
0001391390-12-000030,1391390,BOISE INC. (CIK 0001391390),,"CREDIT AGREEMENT DATED AS OF NOVEMBER 4, 2011",10-K,EX-10.11,https://www.sec.gov/Archives/edgar/data/1391390/000139139012000030/bz-12312011xexx1011.htm,2012-02-28,2012-1391390-0001391390-12-000030-bz-12312011xexx1011.htm,gemini-2.0-flash,No,NA,NA,NA,NA
0000215419-12-000073,215419,CHECKPOINT SYSTEMS INC (CIK 0000215419),,SECOND AMENDMENT TO NOTE PURCHASE AND PRIVATE SHELF AGREEMENT,10-Q,EX-10.3,https://www.sec.gov/Archives/edgar/data/215419/000021541912000073/ckp-2012624xexx103.htm,2012-08-02,2012-215419-0000215419-12-000073-ckp-2012624xexx103.htm,gemini-2.0-flash,No,NA,NA,NA,NA
0000078239-12-000012,78239,PVH CORP. /DE/ (PVH) (CIK 0000078239),PVH,EXHIBIT 10.1,10-Q/A,EX-10.1,https://www.sec.gov/Archives/edgar/data/78239/000007823912000012/exh101.htm,2012-02-10,2012-78239-0000078239-12-000012-exh101.htm,gemini-2.0-flash,No,NA,NA,NA,Specialty
0001464343-12-000006,1464343,"CompuCredit Holdings Corp (ATLC, ATLCL, ATLCP, ATLCZ) (CIK 0001464343)",ATLC,LOAN AND SECURITY AGREEMENT,10-K,EX-10.16,https://www.sec.gov/Archives/edgar/data/1464343/000146434312000006/ex1016.htm,2012-03-06,2012-1464343-0001464343-12-000006-ex1016.htm,gemini-2.0-flash,No,NA,NA,NA,NA
0001420566-12-000025,1420566,Pinnacle Foods Finance LLC (CIK 0001420566),,FIFTH AMENDMENT AND RESTATEMENT CREDIT AGREEMENT,10-Q,EX-10.1,https://www.sec.gov/Archives/edgar/data/1420566/000142056612000025/pinnp20120624ex101.htm,2012-08-08,2012-1420566-0001420566-12-000025-pinnp20120624ex101.htm,gemini-2.0-flash,No,NA,NA,NA,NA
0001104659-12-035431,1487986,"Hawaiian Telcom Holdco, Inc. (CIK 0001487986)",,EX-10.1,10-Q,EX-10.1,https://www.sec.gov/Archives/edgar/data/1487986/000110465912035431/a12-8596_1ex10d1.htm,2012-05-10,2012-1487986-0001104659-12-035431-a12-8596_1ex10d1.htm,gemini-2.0-flash,No,NA,NA,NA,NA
0001193125-12-212058,1019849,"PENSKE AUTOMOTIVE GROUP, INC. (PAG) (CIK 0001019849)",PAG,EX-10.3,10-Q,EX-10.3,https://www.sec.gov/Archives/edgar/data/1019849/000119312512212058/d324889dex103.htm,2012-05-04,2012-1019849-0001193125-12-212058-d324889dex103.htm,gemini-2.0-flash,,,,,
0000003499-12-000005,3499,ALEXANDERS INC (ALX) (CIK 0000003499),ALX,EXHIBIT 10.50,10-K,EX-10,https://www.sec.gov/Archives/edgar/data/3499/000000349912000005/ex1050.htm,2012-02-27,2012-3499-0000003499-12-000005-ex1050.htm,gemini-2.0-flash,No,NA,NA,NA,NA
0001193125-12-061292,354190,GALLAGHER ARTHUR J & CO (AJG) (CIK 0000354190),AJG,CONFORMED COPY OF THE SUPPLEMENTAL SAVINGS AND THRIFT PLAN,10-K,EX-10.15,https://www.sec.gov/Archives/edgar/data/354190/000119312512061292/d287012dex1015.htm,2012-02-14,2012-354190-0001193125-12-061292-d287012dex1015.htm,gemini-2.0-flash,No,NA,NA,NA,NA
0000078239-12-000038,78239,PVH CORP. /DE/ (PVH) (CIK 0000078239),PVH,EXHIBIT 10.1,10-Q/A,EX-10.1,https://www.sec.gov/Archives/edgar/data/78239/000007823912000038/exh101.htm,2012-06-19,2012-78239-0000078239-12-000038-exh101.htm,gemini-2.0-flash,No,NA,NA,NA,NA
0001104659-12-077465,1004724,"ADCARE HEALTH SYSTEMS INC (RHE, RHEPB, RHE-PA) (CIK 0001004724)",RHE,EX-10.12,10-Q,EX-10.12,https://www.sec.gov/Archives/edgar/data/1004724/000110465912077465/a12-19147_1ex10d12.htm,2012-11-13,2012-1004724-0001104659-12-077465-a12-19147_1ex10d12.htm,gemini-2.0-flash,No,NA,NA,NA,Specialty
0001295947-12-000029,1295947,"Prestige Brands Holdings, Inc. (PBH) (CIK 0001295947)",PBH,"$660,000,000 TERM LOAN CREDIT AGR",10-K,EX-10.3,https://www.sec.gov/Archives/edgar/data/1295947/000129594712000029/exhibit103_600000000termlo.htm,2012-05-18,2012-1295947-0001295947-12-000029-exhibit103_600000000termlo.htm,gemini-2.0-flash,No,NA,NA,NA,NA
0001144204-12-018762,1045390,"COLOMBIA ENERGY RESOURCES, INC. (CIK 0001045390)",,EXHIBIT 10.33,10-K,EX-10.33,https://www.sec.gov/Archives/edgar/data/1045390/000114420412018762/v307720_ex10-33.htm,2012-03-30,2012-1045390-0001144204-12-018762-v307720_ex10-33.htm,gemini-2.0-flash,No,NA,NA,NA,Specialty
0001057352-12-000063,1057352,COSTAR GROUP INC (CSGP) (CIK 0001057352),CSGP,CREDIT AGREEMENT,10-Q,EX-10.1,https://www.sec.gov/Archives/edgar/data/1057352/000105735212000063/csgp-3312012xex101.htm,2012-04-27,2012-1057352-0001057352-12-000063-csgp-3312012xex101.htm,gemini-2.0-flash,No,NA,NA,NA,NA
0001193125-12-143548,1360474,CRC Health CORP (CIK 0001360474),,THIRD AMENDED AND RESTATED CREDIT AGREEMENT,10-K,EX-10.1,https://www.sec.gov/Archives/edgar/data/1360474/000119312512143548/d280574dex101.htm,2012-03-30,2012-1360474-0001193125-12-143548-d280574dex101.htm,gemini-2.0-flash,No,NA,NA,NA,Specialty
0001295947-12-000029,1295947,"Prestige Brands Holdings, Inc. (PBH) (CIK 0001295947)",PBH,"$50,000,000 ABL CREDIT AGREEMENT",10-K,EX-10.5,https://www.sec.gov/Archives/edgar/data/1295947/000129594712000029/exhibit105_50000000ablcred.htm,2012-05-18,2012-1295947-0001295947-12-000029-exhibit105_50000000ablcred.htm,gemini-2.0-flash,No,NA,NA,NA,NA
0001193125-12-204653,354190,GALLAGHER ARTHUR J & CO (AJG) (CIK 0000354190),AJG,AMENDED & RESTATED DEFERRED EQUITY PARTICIPATION PLAN,10-Q,EX-10.16,https://www.sec.gov/Archives/edgar/data/354190/000119312512204653/d327124dex1016.htm,2012-05-02,2012-354190-0001193125-12-204653-d327124dex1016.htm,gemini-2.0-flash,No,NA,NA,NA,NA
0001104659-12-056073,789570,MGM Resorts International (MGM) (CIK 0000789570),MGM,EX-10.9,10-Q,EX-10.9,https://www.sec.gov/Archives/edgar/data/789570/000110465912056073/a12-14023_1ex10d9.htm,2012-08-09,2012-789570-0001104659-12-056073-a12-14023_1ex10d9.htm,gemini-2.0-flash,No,NA,NA,NA,NA
0001546417-12-000029,1546417,"Bloomin' Brands, Inc. (BLMN) (CIK 0001546417)",BLMN,"EXHIBIT 10.1 - OSI CREDIT AGREEMENT DATED AS OF OCTOBER 26, 2012",10-Q,EX-10.1,https://www.sec.gov/Archives/edgar/data/1546417/000154641712000029/blmn-93012_ex101.htm,2012-11-08,2012-1546417-0001546417-12-000029-blmn-93012_ex101.htm,gemini-2.0-flash,No,NA,NA,NA,NA
0001071739-12-000006,1071739,CENTENE CORP (CNC) (CIK 0001071739),CNC,AMENDMENT U,10-K,EX-10.2B,https://www.sec.gov/Archives/edgar/data/1071739/000107173912000006/exhibit102b.htm,2012-02-21,2012-1071739-0001071739-12-000006-exhibit102b.htm,gemini-2.0-flash,No,Life,Treaty,Proportional,Health
0001193125-12-081658,1032033,"SLM CORP (SLM, SLMBP) (CIK 0001032033)",SLM,EXHIBIT 10.10,10-K,EX-10.10,https://www.sec.gov/Archives/edgar/data/1032033/000119312512081658/d255703dex1010.htm,2012-02-27,2012-1032033-0001193125-12-081658-d255703dex1010.htm,gemini-2.0-flash,Yes,Non-Life,Treaty,Proportional,Specialty
0001193125-12-085352,1232582,"ASHFORD HOSPITALITY TRUST INC (AHT, AHT-PD, AHT-PF, AHT-PG, AHT-PH, AHT-PI) (CIK 0001232582)",AHT,MORTGAGE LOAN AGREEMENT (POOL 1) BETWEEN REGISTRANT AND UBS REAL ESTATE INVEST.,10-K,EX-10.14,https://www.sec.gov/Archives/edgar/data/1232582/000119312512085352/d273182dex1014.htm,2012-02-28,2012-1232582-0001193125-12-085352-d273182dex1014.htm,gemini-2.0-flash,No,NA,NA,NA,Specialty
0001193125-12-081658,1032033,"SLM CORP (SLM, SLMBP) (CIK 0001032033)",SLM,EXHIBIT 10.11,10-K,EX-10.11,https://www.sec.gov/Archives/edgar/data/1032033/000119312512081658/d255703dex1011.htm,2012-02-27,2012-1032033-0001193125-12-081658-d255703dex1011.htm,gemini-2.0-flash,Yes,Non-Life,Treaty,Proportional,Specialty
0001193125-12-085352,1232582,"ASHFORD HOSPITALITY TRUST INC (AHT, AHT-PD, AHT-PF, AHT-PG, AHT-PH, AHT-PI) (CIK 0001232582)",AHT,MORTGAGE LOAN AGREEMENT (POOL 2) BETWEEN REGISTRANT AND UBS REAL ESTATE INV.,10-K,EX-10.14.1,https://www.sec.gov/Archives/edgar/data/1232582/000119312512085352/d273182dex10141.htm,2012-02-28,2012-1232582-0001193125-12-085352-d273182dex10141.htm,gemini-2.0-flash,No,NA,NA,NA,Specialty
0001193125-12-081658,1032033,"SLM CORP (SLM, SLMBP) (CIK 0001032033)",SLM,EXHIBIT 10.9,10-K,EX-10.9,https://www.sec.gov/Archives/edgar/data/1032033/000119312512081658/d255703dex109.htm,2012-02-27,2012-1032033-0001193125-12-081658-d255703dex109.htm,gemini-2.0-flash,Yes,Non-Life,Treaty,Proportional,Specialty
0000003499-12-000011,3499,ALEXANDERS INC (ALX) (CIK 0000003499),ALX,EXHIBIT 10.50,10-Q,EX-10,https://www.sec.gov/Archives/edgar/data/3499/000000349912000011/ex1050.htm,2012-05-07,2012-3499-0000003499-12-000011-ex1050.htm,gemini-2.0-flash,Yes,Non-Life,NA,NA,Specialty
0000885590-12-000070,885590,"Valeant Pharmaceuticals International, Inc. (BHC) (CIK 0000885590)",BHC,EXHIBIT 10.4,10-Q,EX-10.4,https://www.sec.gov/Archives/edgar/data/885590/000088559012000070/exhibit104.htm,2012-11-05,2012-885590-0000885590-12-000070-exhibit104.htm,gemini-2.0-flash,No,NA,NA,NA,Specialty
0001047469-12-003474,1384710,BEHRINGER HARVARD MULTIFAMILY REIT I INC (CIK 0001384710),,EX-10.8,10-K,EX-10.8,https://www.sec.gov/Archives/edgar/data/1384710/000104746912003474/a2208371zex-10_8.htm,2012-03-29,2012-1384710-0001047469-12-003474-a2208371zex-10_8.htm,gemini-2.0-flash,No,Non-Life,NA,NA,Property
0000215419-12-000073,215419,CHECKPOINT SYSTEMS INC (CIK 0000215419),,SECOND AMENDMENT TO CREDIT AGREEMENT,10-Q,EX-10.2,https://www.sec.gov/Archives/edgar/data/215419/000021541912000073/ckp-2012624xexx102.htm,2012-08-02,2012-215419-0000215419-12-000073-ckp-2012624xexx102.htm,gemini-2.0-flash,No,NA,NA,NA,Specialty
0001445305-12-000790,1330622,"KBS Real Estate Investment Trust, Inc. (CIK 0001330622)",,AMENDED AND RESTATED LOAN AND SECURITY AGREEMENT (BBD1),10-K,EX-10.2,https://www.sec.gov/Archives/edgar/data/1330622/000144530512000790/riq42011exhibit102.htm,2012-03-26,2012-1330622-0001445305-12-000790-riq42011exhibit102.htm,gemini-2.0-flash,No,NA,NA,NA,Specialty
0001193125-12-260305,1405621,"NGA Holdco, LLC (CIK 0001405621)",,"INDENTURE, DATED AS OF JUNE 1, 2011",10-K,EX-10.65,https://www.sec.gov/Archives/edgar/data/1405621/000119312512260305/d285073dex1065.htm,2012-06-05,2012-1405621-0001193125-12-260305-d285073dex1065.htm,gemini-2.0-flash,No,NA,NA,NA,Specialty
0001104659-12-076534,1018164,WILLIS LEASE FINANCE CORP (WLFC) (CIK 0001018164),WLFC,EX-10.14,10-Q,EX-10.14,https://www.sec.gov/Archives/edgar/data/1018164/000110465912076534/a12-20148_1ex10d14.htm,2012-11-09,2012-1018164-0001104659-12-076534-a12-20148_1ex10d14.htm,gemini-2.0-flash,No,NA,NA,NA,Specialty
